[
{"review": "\n*Insert all 9 &amp; 10 reviews here* I was in awe during the entire film.\nLenny Abrahamson &amp; the writing team made sure there was not one dull\nmoment. The addition of \"insignificant\" characters and plot twists are\nlater realized to be so significant and influential in keeping the film\nalive throughout its duration. It was the little things that made this\nstory one of the best I've seen in a long time. I experienced an entire\npalette of emotions all at once and was left in a deep level of\ncuriosity and reflection. Very few films have the power to continue to\ninfluence its audience after the credits. Room is endless in the most\nbeautiful way.\n"},
{"review": "\nDon't listen to the haters or those that want to chip away at the\noverall brilliance of 'Room'. What film doesn't have small flaws, they\npale into insignificance during the 2 hours of continuous emotional\nmaelstrom that follows. This film wrings every last drop of emotion and\ndrama out of the allotted playtime. Make no mistake, despite short\nbursts of touching serenity, this films starts up full throttle and\ndoesn't let-up. I can only assume reviewers here scoring this film 8 or\nless must be Vulcan by birth, or just terminally insensitive. This is a\nfirst rate drama with stand out performances all round. Especially from\nthe child protagonist. <br><br>**Warning** If you have trouble viewing emotionally charged material of\na sensitive nature about abuse. You would be well advised not to view\nthis film.\n"},
{"review": "\nToo many tears, too much sadness. Story of a teenager Ma kidnapped,\nraped and made a mom. And mom and son Jack locked in a room away from\nthe world. Really sad when Jack said I don't want to be 5 I want to be\n4. Even a 5 year old wants continued happiness in simplicity and in the\narms of his only friend his own mother. He wants to be breast fed , he\nwants to shower with his Ma. He enjoys the only place he knows for his\nfirst 5 yrs of his life. There is no chaos from the real person he\nknows. Ma wants Jack to rescue them from the room. Life outside the\nroom has its' own problems of tears, cries, fights.<br><br>Excellent writing by Emma Donoghue who wrote the novel and the\nscreenplay. Jacob Tremblay as Jack and Brie Larson as his mother Ma are\nterrific. Every scene, every dialogue has sincerity. Oscar worthy\nscreenplay. Oscar worthy acting . Joan Allen as Ma's mom and Jack's\ngrandma is perfect grandma, loving, caring, sensitive and excellent.\nDefinite Oscar nominees. Jacob Tremblay , so young and so perfect in\nevery scene.\n"},
{"review": "\nThe movie has some issues with pacing (way too slow for me), annoying\nhand-held camera and lack of good score that is ESSENTIAL to carry a\nmovie that is slow paced and takes place in a single room.<br><br>The kid is easily the best part in this movie. He is very good in his\nrole and could have been nominated for a high-ranked award. I also\nliked Tom McCamus. Very nice low-key role. I thought I knew him from\nsomewhere (and not just because he looks like Lou Reed) - He was in\nPOSSIBLE WORLDS (great movie), got pretty old since then.<br><br>The movie is slow and simple. I expected a much smarter plot. The lead\nactress is OK, but I don't think it's Oscar material.\n"},
{"review": "\nUnique story line, moving, and great acting. The kid gives a beautiful\nand very convincing performance, especially during the more emotional\nscenes. But after they escape, it's mostly just melodrama where the\ndaughter accuses the Dad of not caring and the mom says the daughter is\ninconsiderate of her feelings, etc. 2/3 of this film is very\nreminiscent of some sappy ABC Family drama, like The Fosters. If you\nare a fan of The Fosters, you might enjoy Room, as the two are equally\nas boring. I also dislike the way this movie antagonizes journalists\nand portrays them as close-minded vultures. During the interview, the\nreporter seems to victim-blame and provoke Brie Larson's character,\nwhich is something no professional, ethical reporter would do under\nthat context in real life.\n"},
{"review": "\n'Room' is a powerful and tense movie that tells the story of a young\nboy who has been confined to a small box shed his whole life after his\nmother was abducted by a man, the boy's father, known only as 'Old\nNick' in the movie.<br><br>The movie centers around their escape and life in the world thereafter.\nAs you would expect, it makes for a tense couple of hours of viewing\nbut the viewer is rewarded in the end. The heartwarming relationship\nbetween mother and son is what makes this movie.<br><br>'Room' is a gripping movie that will take you on a roller-coaster of\nemotions, but it's well worth the ride.\n"},
{"review": "\n\"Room\" shares the innocent perspective of a 5 year old named Jack who\nis led to believe by his mother that life consists of being inside a\ntiny room forever.<br><br>I can relate this movie with \"Life Is Beautiful\" and \"Pan's Labyrinth\"\nbecause in all this titles we see a young human with such an innocent\nperspective and big imagination that somehow softens the cruel reality\nby tricking the mind and distorting what is actually happening.<br><br>\"Room\" also shows the psychology of both of the primary characters\nafter living through a traumatic experience. Jack not being able to\nwalk upstairs since he had never done it before in Room is one example.<br><br>This movie made me feel grateful about my life because you get to see\nJack and his mother happy after all. Torwards the ending of the movie\nJack says \"since Ma and I don't know what we like, we decided we are\ngoing to try everything\". That's my favorite part of the movie because\nit means Jack is finally ready to open himself up and be a part of the\nbig world.\n"},
{"review": "\nIt's too long and it gets very very boring some times. There are a lot\no movies which exploit much better this idea In the beginning of the\nmovie there is not even a clue what is going on but i guess this is a\nmovie trick used by the director.It's not about the fact that they have\nnot escaped in those years. It's about the fact that the movie,after\nthey escape shows a very little preoccupation for the true situation of\nthe characters,of the inside fight. At least it is a better candidate\nfor the Oscar prize, but it is not a movie which deserves a position in\ntop 250 or to be nominated for Oscars. It is good when you put it\nbesides the big short,spotlight,the revenant,bridge of spies, but come\non... I hope Mad max will have a serious chance for winning the prize\n"},
{"review": "\nThe concept was a good one to take on as there have been a number of\nhigh profile abduction cases over the past twenty years or so. But I\nwasn't totally convinced with the script on this one.<br><br>It was a good effort in showing the psychological problems and scars\nthat the victims are left with. For me, the best part of the movie was\nthe last 15 minutes - they were the most realistic. And the final\nnarration by the young lad was well written - but a five year old\nwouldn't be that eloquent. The first half of the story based in the\nroom didn't really work well in my estimation.<br><br>Despite that, all the major players did a fine job, although I wouldn't\nsay Oscar worthy. I wouldn't recommend people to go the movie theater\nto see this one - you can wait till it comes round on streaming or a\nmovie channel - or Red Box.\n"},
{"review": "\nFor us adults, our childhood room was a place of great memorabilia:\nwhere we used to study, play and hear stories from our parents before\ngoing to bed. In this Emma Donogue's adaptation, we visualize the ugly\nside of it, where dreams do not exist, and that any kid would like to\nerase from his mind.<br><br>For Jack, 5 years of age, in the shoes of Jack Trembley, the room is\nall there is. His entire childhood contained in four walls, and the\nunconditional love of her \"ma\" (Brie Larson).<br><br>This movie was a complete challenge, in terms of narrative, a humble\nroom, where a mother and her son switch dialogues to tell us a true\nstory. At certain points one might think it goes slowly, but it manages\nto finish in a great way.<br><br>This film was greatly promoted and backed by outstanding supporting\nactors such as William H. Macy (Fargo 1996) and Joan Allen (nominated\nfor three Academy Awards). Highly recommend if you are looking to have\na fine movie afternoon, with great leading performances.\n"},
{"review": "\nHow is capable soul of a man to overcomes all obstacles and to exceed\nall expectations to achieves that is intended?How are we able to return\nto real life following a terrible trauma.How shall the society and the\nfamily sees us following a return \"from the dead\"? Is it possible that\nquiet life to become most difficult than life spent before under\nviolence of someone?I see this film as an expression of love of the\nmother towardsthe child.What is able to make a mother to the best of\nher child? How will exceed when faced with a difficult situation?How\nimportant is the ability to enter into the world of the child?If you\nhave extinguish sentiment towards the atoning sacrifice of the mother\nand want to givelife your feeling towards mother, I recommend this\nfilm.\n"},
{"review": "\nBut that title was already taken. Also Room is pretty accurate and hits\n\"home\" (no pun intended). But while I had no idea what I would get with\nthis (apart from the title and the lead actress I didn't know one piece\nof information), most will go into this knowing what it's about. The\ngeneral idea is explained fairly quickly, though the why of the closed\nspace or rather location and the reason for staying might take a while\nto sink in.<br><br>If you already know some of the whys because of the trailer or reading\nthe story, don't be afraid though. The movie moves forward and it does\nnot stay stagnant at all. That is true regarding the story, but the\ncharacters have some other issues to solve. Talking about solving, you\nwon't get all the answers for this, but this is a pretty good and\nstrong depiction psychologically speaking of what persons go through,\nwithout getting into their heads. Great acting and drama make this a\ngreat movie ... if you like the genre that is of course.\n"},
{"review": "\nWell its January 20th and the games already up. My favourite film of\nthe year has already been watched. At least if it hasn't then this is\nreally going to be a banner year. This is an incredible film with\nfantastic performances from the 2 leads. Brie Larson is, as is always\nthe case, excellent, but is blown away by an unbelievable performance\nfrom young Jacob Tremblay. It can only be because of his tender years\nthat he didn't receive Oscar recognition as I don't believe we will see\na better performance this year. Of course a lot of the credit for this\nmust go down to fantastic direction from Abrahamson. As for the film,\nit is abhorrent, terrifying, warm, emotional, uplifting and life\naffirming, and not necessarily in that order. Your emotions change from\none way to another many times throughout the run time. The genius of\nthe film is that it shows the world from the child's perspective, after\nwatching imagine how it would have looked if it had been showed from\nthe mothers and shiver.\n"},
{"review": "\nAn amazing story that will make the viewer go through every human\nemotion possible; even more so by connecting through the boy's\nperspective of his journey through life as he knew it.<br><br>Any words will all fall short to describe how worth this movie is. <br><br>It will definitely change something inside of you, and make you\nremember a time in your life when everything was fascinating and\nmeaningful, a beautiful lesson on the relativity of happiness, bravery\nand love of a mother wanting to stay sane through her struggles to help\nhim never learn of the sad truth of their own experience and reality.<br><br>Cinematic masterpiece, strong story and storytelling, powerful and\nrich. it will also raise awareness for terrible crimes that happen\nevery day, but brings hope to the victims and their families.<br><br>Watch the movie it's worth every second of your time.\n"},
{"review": "\nA young boy is raised within the confines of a small shed. Room is one\nof those movies that i almost hated it the first 20 or maybe 25 minutes\nor so bored me to death and seeing a boy with long hair looking like a\ngirl truly made me laugh but as the film goes on i found out that it's\nactually pretty great seeing this mother played by Brie Larson doing\neverything in her power to save her kid Jack played by Jacob Tremblay\nwas really inspiring in a way and if you erase those 20-25 minutes the\nfilm is really great the performances by the 2 leads are really great\nand it's a powerful story as well but also the characters are well\nwritten and interesting and that's why i'm going to give the Room an\n8/10.\n"},
{"review": "\n\"Room\" is a very brilliant film about a five year old boy name Jack\n(Jacob Tremblay) and his mother who escapes out of a room that Jack has\nonly known his entire life. This film is way better than I thought it\nwas going to be. I thought this was going to be one of those boring\nfilms that got nominated for and grabbed numerous awards. I was wrong.\nI was very impressed at the way this film was played out and was\ndelivered. Imagine being a five year old boy who has only known an\nenclosed room his entire life and then escapes and live through the\naftermath of it. This sets the stage for a brilliant film. At times I\ndid want Ma (Brie Larson) to whip Jack (Jacob Tremblay) during and\nafter the imprisonment and I did find myself getting angry with Ma\n(Brie Larson) after their escape. This shows the immense drama that was\nplayed out throughout this film. This film truly deserved the Oscar win\nand nominations it got.\n"},
{"review": "\nThe movie is one of those \"not only for entertainment\" but also for\nlife changing, the message is really deep and will have an effect to\nthe life of the audience if it was deeply meditated. <br><br>I am not that kind of a person who likes to write much or review, but\nthis is an master piece of art, it so much reminds me of \"Danny the\nDog\" movie with so much differences but with a one real similarity of\nawesomeness. <br><br>I would recommend this movie for everyone who ask about \"Life- changing\nstories\" and how the world, facts, inceptions, truth and life shall be\nimagined. <br><br>This movie is also a need for our time of madness, extremism and all of\nthe terrorism our days are having, since if we all knew and understood\nthe message of that movie; we will always be tolerant and understanding\ndifferences. <br><br>I really will let my two daughter watch this movie over and over again\nonce they can understand it.\n"},
{"review": "\nWhat a film. What an excellent film. It is about a boy who grows up in\na room and it was all he knew until him and his mother finally escaped.\nThis is storytelling at its best. The acting was gripping and\nemotional. I honestly can not believe this movie was so engaging. The\nwriter and director literally thought of everything. I think the reason\nwhy this film works as well as it does is purely because of the\nattention to detail. You feel everything the boy does when he sees and\nunderstands things for the first time. Another thing that the movie\nexcels in is pacing. For the past 5 or more years it seems like most\nmovies have had pacing problems. This one works well and never rushes\nor bores you to death. You can write a book about why this movie is so\ngood. It is thought provoking, entertaining and a breath of fresh air\nin a world full of CGI bullsh!t without plot. I highly recommend this\nwork of art.\n"},
{"review": "\nOMG I'm so excited. Thanks to everyone who has acted,supported or made\nthis beautiful movie. Pure love is what I saw in this epic movie. It\ninspired me to come here,create my IMDb account and make a review.\nWhata wonderful and thrilling movie. Best characters since The\nShawshank Redemption. I feel like I've been waiting for this movie. If\nyou missed this one then you are lucky to watch it now. Anyway I'm\ngonna watch it again. If you don't like it I'm sure something is very\nwrong with you and you are weird and schmuck \ud83d\ude1b just kidding. But you\nwon't regret it. Just go for it. finally I hope you have a great time\nwith your mom or with your son :)\n"},
{"review": "\nThis movie, is one of my best ever! Brie Larson and Jacob Tremblay are\nawesome ! Just perfect !!! Go ahead, you will not regret it !! \"Room\"\nby being inspired by real facts this dirty Austrian affair of which in\nparticular, already had enough to call out(to question) us. One has to\nnote that Lenny Abrahamson was more than as high as this difficult\nstake and One has to note that both main actors Brie(Brie cheese)\nLarson and Jacob Tremblay who embody Joy and Jack are fabulous and give\nwithout concession all that they have to offer! This intelligent movie\nnever overturns into the pathos, but takes place as study and analysis\nof this horrible confinement of 7 years...\n"},
{"review": "\nThis movie starts of strong and really powerful. The maim characters\nbeing in a situation that is completely unimaginable. The actors\npresent this exceptionally well. Jacob Tremblay's performance is\namazing for a kid of his age, I have lost count of how many movies that\nhave such average young actors, but this is an outstanding breakthrough\nfor me.<br><br>This movies is not amazing throughout. Once they are free, it is kind\nof interesting to see that whole transition, but I believe that it is a\nwast of half the movie, it starts to drag on without meaning or a\ndefinite mission/goal. the second part is just pointless.<br><br>Overall, this is a movie well made and worth watching!\n"},
{"review": "\nTo start this off right I must say that Room (2015) is an amazingly\nwell done film! At first when I saw the trailer for Room I was unsure\nif I'd want to watch it, not that it didn't seem good; I was wondering\nif it were gonna be one of those very slow drawn out films as Hollywood\nseems to push out; this wasn't one of those. In Room 2015 they\ndisplayed perfect acting, a beautiful, yet thrilling story; the concept\nof this film was on point in all ways.<br><br>Room is one of those films that everyone should check out, the way the\nteam put it all together just couldn't have been any better; perfection\nto say the least. Room (2015) is a film in which will be in our tops\nfor a very long time.\n"},
{"review": "\nSo finally here is one cinematic experience of a lifetime.It starts in\na claustrophobic tone, gradually cheers up and finally ends up in an\nintrospective mood.The basic idea of the movie is how we adjust\nourselves in different circumstances.Things can be easy even when the\nexternals are odd.Things can be tough even when everything is a bed of\nroses.It is up to us and how we cope with the change.And only the brave\ncan fight it back to normalcy.This is what you call a layered plot,\ninterwoven with human emotions like joy, sadness, madness,depression\nand sense of freedom.Brie Larson as Joy (Ma) is brilliant.Her\nexpressions,change of tone,hysteria,eyes lit up the character and its\npleasures and agonies.Deservedly she bagged the coveted Academy\nAward.Joan Allen as the sensitive grandmother does a brilliant job.But\nit is the kid Jacod Tremblay who steals the show.He is too brilliant\nactor for a kid of his age.His narration towards the end of the movie\nmakes your eye moist.The other casts do justice to their small\nroles.'Room' is a winner all through.\n"},
{"review": "\nI just love how the world around the two main characters continuously\nexpands during the whole movie. How the director, like a painter on a\ncanvas, keep adding details to their lives.<br><br>From our narrow point of view, we can appreciate and comprehend how\nstrong and clever this girl is, how thoughtful she has been for\nshrinking her son's world to just one Room, protecting him from\nexcruciating reality of her kidnapping and daily rape.<br><br>The movie depicts well the aftermath too, where pressure relief\ndestabilise her mind while the kid, who were none the wiser, can't\nfigure out the reason of his mother's sudden behavioural change.<br><br>So, for crying it out loud, it's a very pleasant movie with a\nwonderfully cured psychological part.<br><br>Enjoy it.\n"},
{"review": "\nI just wanted to add my thoughts here because, as great as some of the\nmovie undeniably was, I felt the balance was all wrong. Once they had\nescaped, with barely half the running time elapsed, all the tension\nwent out of the film. I was sitting there thinking - okay, so what is\ngoing to happen to fill the next fifty minutes? The answer? Pretty much\nnothing, sadly.<br><br>Don't get me wrong, the final scene was very moving, but I still got\nthe feeling that the movie peaked during the escape and then just sort\nof ambled around for the remainder. which is a great shame, because I\nwas really enjoying it up until that point, not least the stunning turn\nfrom the young actor playing the kid.<br><br>I think I understand what the film was trying to achieve in being\nstructured the way that it was, it just didn't work for me personally.\nI'm actually quite a fan of non-linear plots, and maybe that's\nsomething that would have enabled the director to keep building the\ntension to the very end whilst still showing us the aftermath of the\nordeal.\n"},
{"review": "\nI gave this movie a 10/10, because it has your attention the entire\ntime- From the beginning to to the very end! The actors must be\ncommended for their exemplary performance! The movie addresses a\nterrible crime, that unfortunately does go on in the world today, and\nallows us to get a feel of what the victim goes through-the suffering,\nthe pain, and the eventual recovery. For the 2 hours we are Ma'- A kind\nperson who unfortunately goes through so much undeserving torture and\npain!<br><br>In the same breath we appreciate a beautiful world through the eyes of\na pure soul! The director allows us to hate the evil the world has to\noffer, but also appreciate that there is also so much good and beauty,\neven in the small things! One of the best films I have seen; it was\nraw, touching, and painful! Guaranteed to draw emotion out of everyone\nwho sees it! It is definitely a must watch! The videography and music\nplayed was also very well done!\n"},
{"review": "\nFirst off I'd like to point out I am not a professional movie reviewer\nbut I have a passion for movies like no other. So with that being said\nand out of the way, WOW! I have seen this movie five times already and\neach time I see it it's like watching it for the first time. I cry and\nI feel like my whole body feels every emotion Brie Larson conveys\nthrough her portrayal of Joy. As for Jacob Tremblay for such a young\nactor I feel he nails his character Jack on the head perfectly. For\nanyone who has children you will most definitely get chills watching\nthis film. I believe it was written so well and executed beautifully.\nThe way the story is told and how was absolutely genius. I feel as if\nits a hard movie to describe to someone without giving away any aspects\nto the film. Room is a movie that makes you look at things a slight bit\ndifferent. Makes you questions things you might not normally question.\nGives you a contrary perspective on how what may be \"normal\" on the\noutside isn't what it seems.\n"},
{"review": "\nI could share all sorts of insights about characters and plot lines and\nnuances and musical score, anon anon. But the truth is, it had me\ncaptivated (no pun intended) from start to finish. I honestly can't\ndescribe it, it's just absolutely breathtaking. I wept in pain for the\nboy, and I wept in pride for the boy, knowing full well this was\nfiction. The actor who played him (to take nothing at all away from\nBrie Larson) was absolutely brilliant in this movie.<br><br>All I can say is what I titled this review: this movie was\nspectacularly, hauntingly, painfully, stunningly beautiful.<br><br>Most will probably not find this review helpful. But I'm fine with\nthat. Find a couple hours that you can give this movie your attention,\nand sit down and immerse yourself. I found it 100% worth it.\n"},
{"review": "\nWhat a touching movie. I had to force myself to watch it, as the\nthought of going through a story about a mother and her son trapped\ninside a small room for years was too claustrophobic and had too little\nroom (no pun intended) for excitement. But I am glad I watched it. It's\na gripping movie. The story of a girl who gets kidnapped and locked in\na 10 sqm2 room for 7 years. She gets pregnant and has a son who\nbelieves their \"room\" is the only real thing in the world. When he\nturns five, she finally tries to explain to him the reality of their\nlives, and together, they need to find a way to escape. I am not sure\nwhether this movie was anywhere the Oscar nominations or not, but\neither it is a movie that I hope people will watch. It deserves it. Way\nbetter than 90% of the flicks you have out there.\n"},
{"review": "\nIt's not everyday a movie can keep you glued to the screen as such.\nThis was a disturbing yet mesmerizing, sorrowful yet breezy, strange\nyet an innocent tale of a Ma' and Jack that makes you go through a\nwhole expedition of emotions, all in a \"garden shed\". The voice over of\nthe young boy's thoughts narrated his purity more than his infantile. I\nmight even call it Director Lenny Abrahamson best treasure so far. The\ncasting was impeccable and their performances spoke mountains. My only\nconcern with the movie is that Brie Larson was cited as the lead actor\nwhile it was quite eminent of Jacob Tremblay being the lead, hands\ndown. This story testifies how strong hope can be and and how\nunforgiving hopelessness is. It portrays a mere glimpse of the horrors\nthousands held captive go through as we speak, just like Jack and his\nMa'. It was truly a pleasure watching, keep up the good work.\n"},
{"review": "\nAll I can say about this film is it is brilliant.<br><br>I had never heard of this film or Brie Larson and Jacob Tremblay before\nI got my hands on a screener for this just before Christmas and to be\nhonest wasn't expecting much at all.. But God was I blown away by this\nfilm. <br><br>Larson got the Oscar for best actress but Tremblay should have at least\ngot a nomination for best supporting actor, as together they made the\nperfect pair on screen. Without his performance she would have never\nhave won.. <br><br>When you watch this make sure you have plenty of tissues handy, no\nmatter how hard you think you are, you will need them!! This is the 1st\nfilm I have cried in as much since the Champ when I was about 10!\n"},
{"review": "\nI have never seen such an emotional film with so much sense, feeling\nand so on. I would recommend it for all the people who just want to\nwatch an extremely good drama. The kid's acting is amazing with that\nage. He is acting like a real actor: he cries, he laughs, he feels, he\ncan feel everything and maybe this makes this movie so amazing. The\nfirst hour is really exciting as well and the other part of the film is\njust simply beautiful. Everything is happening in the good direction\nand they needed to be happy after they escaped but it is much more\ndifficult because they have to start the life from the beginning.\nEspecially the Jack has to be known with everything in this real world.\nHe has to know people, pets, plants, seas..\n"},
{"review": "\nThoroughly engrossing, beautifully scripted and exquisitely acted, this\nmovie delivers on every level. Why on earth the young actor, Jacob\nTremblay wasn't at least nominated for the Oscar is a mystery. He is\nspell-binding and completely believable in this role. And the whole\nmovie pretty much centres on him. Brie Larson is perfect as Ma, and the\nsmall support cast are spot on. <br><br>This is not an action packed movie, and it was clearly shot on a\nshoestring. Not a whole lot happens, but it is perfectly paced. If you\nhave patience, you will be rewarded with a beautiful love story and a\nstunning character study. Well worth it.\n"},
{"review": "\nIt's a movie that is a overrated just a bit, because it isn't a bad\nmovie, rather it just feels like a partially told story. It just ends\nrandomly somewhere near the beginning of the body. It's very\npretentious of the movie to feel as though it doesn't have to tell a\nstory or tie up any loose ends because it alludes that there's some\ndeep underlining theme going on that it's tracking instead, when in all\nactuality it's relatively mundane. Watching/listening to kids act is\npainful enough let alone making a young kid a lead in a movie. Very\nambitious, yet insane to attempt it. At the end of the day you get your\ntypical kid who can't act attempting to act and sound cute. And would\nyou please cut the kids hair already. It was like watching that chick\nwho comes out of the well in the Ring... spoiler - no wonder why the\ndad wouldn't look at the freaky looking kid. Speaking of which, another\nstory line the show buries. Good news though, they cut the kids hair\nwith about 5 minutes to spare.\n"},
{"review": "\nThe first hour of this film is as taut and compelling as any\npsychological thriller, you're really in it with the mother and son and\nrooting for them to get out. The writing, direction, and production\ndesign are top notch.<br><br>Once the mother and soon do escape, the filmmakers don't seem to know\nwhat to do with them, and the quality of everything to do with the\nsecond half is a mediocre-at-best, straight to cable melodrama. That\nquality includes the acting, directing, writing, set design (aside from\nhe subtle \"bars\" in the home set.<br><br>This material seems better suited for a TV drama or serial.<br><br>Granted, the lead performances are spectacular.\n"},
{"review": "\nA beautifully told story through the eyes of a brilliant 5 year old.\nSuch innocence beautifully portrayed.<br><br>Great performances, a good film. Nothing more.<br><br>I have a few issues with this film<br><br>1) Would the mother trust her child with a man who was willing to keep\nthem captive for so many years? <br><br>2) How lucky, Old Nick put the rug on the right hand side of the truck,\nmeaning Jack could roll out to the left as practiced.<br><br>3) Why would Old Nick just drop Jack like that?<br><br>4) It took all of 30 mins to locate both the room and Old Nick.<br><br>5) Surely wouldn't Jack &amp; Ma have more psychology damage?\n"},
{"review": "\nThis movie has appeal, mainly to women and feminine types, based only\non emotion.<br><br>The strength and devotion of the mother toward her child is well\nportrayed, however, and the boy does a great job of acting like a\nspoiled and over-protected child. The mother's love in spoiling the\nboy, given the terrible circumstances, is quite loving and appropriate\nthough.<br><br>The movie is boring as would be living in a small room for 5 years\nwithout ever going out. That is the essence of this film.<br><br>Naturally the critics, and those with more emotion than intellect, are\ngushing over it.<br><br>Watch it and find out if I am wrong.\n"},
{"review": "\nI do not understand how this would be an Academy Award nominated movie\nfor best picture. This could have been a Lifetime movie of the week. In\nfact, Lifetime did a more interesting version of the story recently.\nThe lead performances are forgettable. At no point in watching these\ncharacters did I feel like I was watching a special performance. The\nmother's performance was muted. There was no emotion in her. I felt the\nlike the son was cookie-cut out of the \"Michelle\" from \"Full House\"\nrole. We are supposed to think to ourselves, \"Oh isn't he cute as a\nbutton,\" \"doesn't he say the funniest things you ever heard\" and \"isn't\nhe so aware of his situation and who he is.\" Suspense never builds. The\nmovie ultimately is long and boring. I cannot recommend this movie to\nanyone.\n"},
{"review": "\nTypically you expect dramatic productions to have some sort of\nresolution, a satisfying denouement or if nothing else at least some\nintriguing moments with characters, dialogue and scenery that capture\nthe imagination.<br><br>Room offers none of that, relying wholly on two main conceits to carry\nthe entire weight of the story. Beyond the first act this film is\ninterminably dull and by the end of it I found myself thinking \"what\nthe f**k was that it\".<br><br>While it avoids being offensively bad, Room is still not an enjoyable\nwatch. Best avoided.\n"},
{"review": "\nI was curious about this film due to many reviews and comments about\nBrie Larson's performance as well as its Oscars nominations. But I was\nvery disappointed. The film left me indifferent. There was no\nconnection to \"Ma\". I expected a genius acting by young actress judging\nby the hype, but it was average... Of course, it is difficult to act if\none did not actually live it through and it is quite understandable.<br><br>The only performance that is worth of nominations, from my point of\nview, is the one of a little boy. So, all in all it is very puzzling\nwhy this film and Brie Larson was even considered for Oscars or any\nother awards..\n"},
{"review": "\nLenny Abrahamson directs Emma Donoghue's screenplay and novel\nbrilliantly. An exploration of the senses. After being abducted, raped\nand imprisoned in a small windowless shed, a young woman (Brie Larson)\ngives birth and raises her son, Jack (Jacob Tremblay), in that same\nconfined space. Ma is a dedicated mother, nurturing her son with love\nand warmth with his happiness and safety top priority. After five years\nor telling stories, playing games and singing songs; Jack's Ma begins\nplanning their escape.<br><br>Larson and Tremblay turn in performances that are sentimentally\nelegant. Rounding out the cast: Sean Bridgers, Sandy McMaster, Joan\nAllen, Justin Mader, Matt Gordon and William H. Macy.\n"},
{"review": "\nThe story is really dark, to understand that this girl has been kept\nfor so long and that a child grew up not knowing the outside world,\nreally shows the mental development of humans in captivity and how they\nadapt. The characters are very well portrayed in their behavior. The\nset itself makes it feel as though you are trapped with them, and later\nwhen they return the room looks so small. You try to recall everything\nbut it still sets a strange distortion like you cant believe they lived\nin there. <br><br>But the scene where Jack finally sees the outside and has to escape,\nhad my entire body numb. It gave me the wash of adrenaline like when I\nwas a child and afraid. It absolutely moved me. I held my breath the\nentire scene.\n"},
{"review": "\nI hesitated seeing this film because I feared it would be another one\nof those exploitation films, with scene after scene of threat and pain.\nConsidering a woman and her son have been kept for years in a room in a\nshed by a sociopath, this could have gone down that road, there are\ncertainly elements of this. But this is about survival and hope,\nneither of which comes without agonizing risk. It's also about how\npeople deal with things for which they have no true appreciation. I\nrefer to two characters. The first is the father of the young woman. He\nmust deal with what he sees as the devil's spawn. The second, a\nreporter that begins to malign her because she hasn't done what \"she\"\nsees as heroic. Her interview made me crawl, but I also thought this is\nexactly what we do to people who gain celebrity through pain. There is\na great deal to be learned from this film, but I fear this is an\neternal problem.\n"},
{"review": "\nIn the beginning: I want to say that the film terrific all standards\nfeelings it toward her son felt like it's real, and also Scene to meet\nup with her son in the outside world after they came out of the room\nscene made me cry And also the soundtrack for the movie make you live\nscene like happen to you, not like you're just watching Idea is\nfantastic and you imagine that you discover the world and you have 5\nyears .<br><br>Secondly, evaluate the Actors I see I am a child prodigy Jacob did a\nfantastic role of a child who discovers the world for the first time\nsuperbly like a professional acting for decades. I believe it is\nessential that young children nominated in various movies for their own\nAcademy Award . The magnificent Brie Larson: I see that she played the\nrole of the mother with a wonderful way that a mother who endured years\nof humiliation and insult in order to maintain her son to come timely\nand sacrifice vision for her son that thing make this live , in order\nto get out from this damned room I see that he can not provide the role\nbetter than this way\n"},
{"review": "\nRoom is another film that fell into the graces of the Public and\ncritical, and highly praised , more is another that not liked the\nscript even though interesting, not captivated me , the acting is\nexcellent, Brie Larson this excellent, and the Young Jacob Tremblay is\nexcellent too (he deserved an Oscar nomination in my opinion), the\ndirection is Lenny Abrahamson , and he sends well , the script in my\nopinion is not as complete as a book (more to understand) , the\nsoundtrack I not enjoyed , the picture is good , the film is full of\ngood moments , Room not captivated me , I kinda slow , even with\nexcellent performances , and a good direction , I was disappointed a\nlittle with this film , the more it must be why it is not really my\nkind of movie. Note 6.5\n"},
{"review": "\nIt's hard to know what to write about a movie like \"Room\". On one hand,\nit is certainly one of the must-see movies of 2015, but on the other,\nyou've surely heard the buzz by now, and don't need an IMDb reviewer to\ntell you. Further, it's a movie you ought to know as little about as\npossible before watching.<br><br>I will say that Jacob Tremblay, the actor who played five year old\nJack, deserved an Oscar nod. Being that they are always in such close\nproximity, you can't help but compare the work of Brie Larson with\nTremblay. He should have gotten a nomination at least. I feel that\nthere are many other actresses who could have done what Larson did, but\nnot many more who could have played Jack.\n"},
{"review": "\nYes I know. It's late. I finally had the opportunity to get this movie\nout of my way, after hearing good reviews online &amp; friends. <br><br>Then the movie started, the whole while, it was very compelling for me\nto fast forward and see what happens. It was slow, slow &amp; slow. But the\nfeeling you get after watching this was really relaxing. And someone\nyou started to form one way or a different connection with the\ncharacters played. <br><br>Love how the movie POV was from the kid only. Brilliant details and\noverall bit drop of suspense. <br><br>I felt, there could have been more to the movie. But I guess that's all\nyou could fit in. <br><br>All in all, good one.\n"},
{"review": "\nI don't know how much I can even tell you about \"Room\". It is one of\nthe most intense movies that I've ever seen. Brie Larson and Jacob\nTremblay put on two of the most harrowing performances. She definitely\ndeserved her Oscar win. This story of a mother and her son confined to\na small space is not like many movies that I've seen before. Surprises\npop up at every step. All that I can say is that I hope to see both\nLarson and Tremblay in more movies, and I hope that Lenny Abrahamson\nturns out more movies like this one. Very good movie.<br><br>\"I'll see you all this comin' fall in the big rock candy mountain.\" -\nHarry McClintock\n"},
{"review": "\nWhen i started watching this film, for the first ten minutes i was not\nsure whether i can watch this film because of so many obvious things\nlike the level of cruelty and where this film might lead towards but as\nthis film entered into its fifteenth minute it gripped my brain\ncompletely and i understood what Brie and Jacob are doing here is not a\nperformance but it's simply magic. They both have captured maximum\nspace of the screen and they both have captured heart of millions. The\ndirectional eye is simply breath taking and the script - so simple yet\nvery powerful. A well deserved Oscar to Brie Larson. <br><br>I believe cinema like this makes this stage very important and\nappreciable. As a movie maker i must say this film is a milestone in\ncinematic achievements of all kind and i can simply congratulate each\nand everyone who were part of the cast &amp; crew of the team and those who\nhave already watched it. <br><br>For those who are planning to watch it - watch it now because its a\nperfect ten pointer for the genre of Drama.\n"},
{"review": "\n'Room\" takes you to a different world which is so innocently brought\nout by the child \"Jack\" who started thinking that everything out of the\nRoom is out of space and not real.The movie tries to connect with you\nand you always try to find reasons and meanings of lives of both the\ncharacters.For me the best part about the movie was not just when both\nthe characters finally got liberated,but it was how difficult it became\nfor them to connect with the real world after being liberated.The part\nthat drove me to write this review was the fact that the mother tried\nto commit suicide.And that really moved me and made me think.The movie\nreally does connect to you and even after movie gets over,it remains\nwith you.\n"},
{"review": "\nI had no idea what this movie was about before I saw it, I just knew\nBrie Larson won an Oscar for it, and there were a lot of raves about\nthis movie so I decided to watch it. <br><br>Since I had no idea what it was about, I was pretty entertained for the\nfirst part of the movie. It had a couple of very intense minutes, but\nthen it got really boring. <br><br>I fell asleep in my couch, and that is saying a lot. I guess I'm not\nthe intended audience. <br><br>Not my kind of movie.<br><br>Also, I think it's more about the kid than the mother.\n"},
{"review": "\nAn unsuspecting 5 year old boy narrates his life as he transitions from\nthe \"room\" in which he grew up to the real world. In all of his\nchildlike curiosities and passions, he manages to bring joy to his\nmother, Joy. And he keeps her alive with his immeasurable, child-like,\nSampson-esque, hopeful strength. At least three times he manages to\nsave his mothers life. All because of the pure, unrefined love that\ncomes of child- bearing and childhood dependence. <br><br>Jack, the protagonist, is my hero. If I could love others the way he\nloves his mother, I would be a man befitting the greatest rewards in\nheaven.\n"},
{"review": "\nThis movie makes me feel bad and I want to kill old nick in real life.\nVery nice story, the kid is so special in acting. He might won the best\nactor in Oscar instead of Leonardo di carpio. Brie Larson is\nspectacular, never thought she is real good. I only have questions, why\ngrandpa cannot look or stare in the eye of jack? its because he can't\naccept that he have a grandchild or he is the father of jack? i just\nconfuse.<br><br>This movie is great one of a kind. Kudos for the writer and the\ndirector you bring different food on the table. This movie would be a\ngame changer in drama category.\n"},
{"review": "\nTo start up, I honestly haven't seen such a good movie as this one for\na longer time. It is so emotional and heartbreaking watching those two,\nfirstly in Room, then in the real world as well. I found interesting\nrealizing the oscillations in getting used to the whole massive change\nbetween a grownup and a child. Freedom is relative, this movie proves\nit. So is space and boundaries. If you don't know what's on the other\nside of the wall and don't even know the other side even exists, you\nfeel safe. You don't doubt your freedom at all. Jack felt like\neverything is happening with a reason, just the way it should be. His\nimagination made him believe that. It was also quite interesting\nwatching how Jack's thoughts broadened up as time was passing by. I was\nsurprised how well he adapted to new surroundings, unlike his poor\nmother. She was questioning herself a lot, every single day, got really\noverwhelmed and I saw her crash coming a few times throughout the\nmovie. It's impossible not to feel sorry for her considering how strong\nand resilient she stayed.\n"},
{"review": "\nWith all the real life stories about women who have been abducted and\nkept prisoner in basement Ariel Castro etc why did they need to make a\nfictional movie about this topic? The true stories are more compelling.\nIt's a depressing story that is slightly relieved when they are\nrescued.<br><br>Brie Larson is competent at acting scared and sad but her performance\nis limited to these emotions. It was not an Oscar worthy performance,\nwhy she won over some better actresses is one of the mistakes of last\nyear's Oscars. The little boy Jacob Tremblay is alright but there isn't\nthat much that he can do.<br><br>After the voyeur in us is satisfied by watching these horrible\nsituations it's just a rather depressing movie.\n"},
{"review": "\nI respect this movie but... \"Phoenix\" was a date movie compared to\nthis.<br><br>Awesome acting, effective, grim.<br><br>I complained to my wife on our way out of the theater and she said:\n\"Oh, the book was darker.\" You've been warned!<br><br>Don't go to a theater near a cliff as you may feel like jumping off.<br><br>I realize neither cinema nor any art form should be all sunshine and\nflowers; I just want to put a warning label on this one.<br><br>The cast was great. The production design and cinematography were very\neffective.<br><br>If you want to scare your daughter out of ever talking to a stranger,\ntake her to this movie.<br><br>Ironically, she might go hide in the basement and refuse to come out.\n"},
{"review": "\nWhen you wake up saying good morning bed, good morning laptop, good\nmorning TV, good morning carpet. it means this movie got you &amp; it is\nreally something!<br><br>Give that boy an Oscar! he deserves it. the chemistry between Jacob and\nBrie was so high, so natural, so genuine that i still think she is his\nmom! the best thing i liked about the movie next to the excellent\nacting of course, is the fact they did not give us a mere thriller\nmovie.. watch it and i am sure anyone who did, surely shed tears. There\nare many gem scenes stuck to my mind.. I don't want to spoil the movie\nfor you, you just gotta see it and you won't regret it i am confident\nabout it. Enjoy\n"},
{"review": "\nRoom was tedious from the very beginning. And then it got more tedious.\nAnd then it kept on going. And though I waited for something to happen,\nit didn't. Then something did happen, and I thought, \"Oh, joy. It's\nfinally over.\" But alas, it wasn't over. It kept going. And going. And\ngoing.<br><br>Though I had one or two moments where I thought it was cute or\ninteresting, that's not enough to fill out a 2-hour movie. The kid was\nannoying, the mom was forgettable, the circumstances held no true sense\nof danger or tension, the aftermath was boring and trite. It might've\nworked as a 15-minute short film, but good lord, after sitting through\nit, I felt as though *I* had been trapped in a tiny room for 7 years.<br><br>I honestly don't understand what people are seeing in this film. There\nis truly nothing of worth there. Avoid, unless you enjoy things like\nwaiting in line for hours or going over your taxes.\n"},
{"review": "\nAlthough brutal at times, credit has to be given to The entire cast of\nRoom for churning out one of the Masterpieces of this generation. Brie\nLarson has done a career defining role who i firmly Believe deserves\nevery award this season but the ultimate acting \"masterclass\" at such a\ntender age has to be the kid playing her son. Imagine discovering whole\nworld again right from the Beginning like you did when you were a kid.\nRemember the first time you saw a dog ? The First time you saw trees ?\nThe first time you made a friend ? The first time you left your mom ?\nThis movie shows subtleness of mom- child relationship in such a\nbeautiful way that it Forced even a heartless beast like me cry. The\nmovie never drags, is unapologetically intense Cinematography makes you\nfeel like a 5 year Old again. The direction is immaculate and Script is\npowerful. Probably one of the best movies of 2015 ! Must watch :)\n"},
{"review": "\nThis is one of those movies that the IMDb rating tricks you into\nbelieving is better than it actually is. The IMDb synopsis also makes\nyou believe that you are being taken on a journey - of the struggles of\nbeing held captive, into the psyche of the captor, of the innocence of\nchildhood, of motherly love that triumphs. You probably imagine some\nsort of \"Life is Beautiful\" unfolding in a room. But NO! Be warned.\nThis movie is about an annoying kid and his annoyed mom stuck in a\nroom. They both manage to escape the room and guess what? They continue\nto be annoying and annoyed. The characters are so completely one\ndimensional, the movie fails to both entertain or be insightful. You\nend up feeling stuck with the characters in this 2 hour long ordeal.\nLike someone dragging a fingernail on a chalkboard. The quickly made TV\ndocumentaries after kidnapped victims are rescued (as in the case of\nElizabeth Smart or Amanda Berry) look like Oscar winning stories in\ncontrast and are actually watchable. This movie is plain painful to\nwatch.\n"},
{"review": "\nWhat the?....I don't even understand the logic of this movie. So, the\nboy escapes so easily? What does the crazy man do afterwards? How do\nthey even find his mother??? The rating doesn't make sense. Maybe the\nidea is good, but something's not realistic about this movie. Do you\nneed this kind of drama? Maybe you should watch something more\nrealistic and well made, maybe an Eastern European movie. And what's\nwith the boy's long hair? A small haircut didn't hurt anybody. I'm a\nwoman and I can't even grow 20 cm of my hair...come on...I skipped so\nmany minutes of this movie, seriously. This genre is much better to\nwatch in Eastern European versions. Watch Eastern European movies. this\nmovie sucks.\n"},
{"review": "\n(To You) !!!<br><br>This movie reminded me of a long period of my life ,,,<br><br>\" no one is strong alone , we all help each other to stay strong \" ...<br><br>feeling lonely is really awful so please don't be alone even if you\nthought you could be stronger by Yourself ! Unfortunately I know <br><br>this feeling well , I thought it's better to distance myself from\npeople <br><br>even my family when I'm sad but it just made me worse !!!<br><br>And I wish not<br><br>feel alone ! So don't you ever choose to be alone ! <br><br>#STUPID\n"},
{"review": "\nRoom, in my opinion an incredibly moving story of the relationship\nbetween a young Son, 5 years old, and a Mother living in, for the\nMother, dreadfully stressful conditions. The acting in this movie, by\nthe principals, was superb, and I was totally stunned by the\nperformance of Jacob Tremblay as the Son; this show would be well worth\nseeing if for nothing more than to see Jacob's performance. While\nlikenesses of the circumstances depicted in the film have come to light\nin the real world in recent years, one feels that the Director may well\nhave touched very close to the emotions and feelings of the victims in\nsuch situations <br><br>I enjoyed to the utmost everything about the movie.\n"},
{"review": "\nBased on the searing novel by Emma Donaghue, \"Room\" is a movie both\ndisturbing and compelling. For five-year-old Jack (amazing Jacob\nTremblay), Room is his home, a 11 x 11 foot shed where he was born,\nafter his teenaged mom (Brie Larson, in her Academy Award winning\nrole)\u0097was kidnapped, imprisoned and sexually assaulted daily by Old\nNick.<br><br>Told from the little boy's point-of-view, Jack seems unaware that Room\nis a prison. For Jack it is his home, a seemingly safe haven filled\nwith all he knows and with the security of the only parent he knows.\nJack's world is exclusively his Ma and Room. They share a bed, toilet,\nbathtub, and old television. The only window is a small skylight. In\nthis sealed environment, Ma heroically tries to shelter Jack from their\ncircumstances: telling stories, creating toys from egg shells, and\nweaving imagination into their daily routine. Room seems normal for\nJack since he knows nothing else. Read my entire review at:\nunhealedwound.com\n"},
{"review": "\nRoom<br><br>To catch child abductors, the police should be staking out Home Depot's\nsex-dungeon department.<br><br>Unfortunately, the captor's enclosure in this drama was preexisting.<br><br>Raised by his mother, Joy (Brie Larson), in a backyard shed belonging\nto the man who abducted her when she was a teenager, five-year-old Jack\n(Jacob Tremblay) is completely unaware of life beyond the room where\nshe and he are imprisoned.<br><br>After a successful escape, the two try to acclimate to outside life.\nThis includes reconciling with Joy's now-divorced parents (Joan Allen,\nWilliam H. Macy) and dealing with the media's victim shaming.<br><br>The most frightening yet life-affirming films in years, this\ncharacter-driven adaption of the novel will resonate with views, not\nonly for its brave performances, but also for Jack's alien-like\nviewpoint of the world we take for granted.<br><br>Ironically, the shut-ins discovered that everyone in the outside world\nwas being held captive in a virtual prison. <br><br>Green Light<br><br>vidiotreviews.blogspot.ca\n"},
{"review": "\nRoom (2015) is my favourite non blockbuster from last year. It's funny\nbecause I watched it in 2016. Don't just think this is a normal indie\nmovie it's not. I was going in expecting to hate the movie and the boy\nJacob Tremblay. I was blown away by this movie. My emotional string was\npulled apart. I don't want to give much away (if you haven't seen it).\nThis movie was acted to perfection. Directed to perfection. Written to\nperfection. Character was developed to perfection. It was paced to\nperfection. The movie first half was perfect. It was so so good too\ngood for the second half in my opinion too good for the second half to\nreach that height again. The second was maybe a little bit slower but\nthe story was so great that it is so much enjoyable. This movie was\nbeautiful not like The Revenant (2015) beautiful but it was indie\nbeautiful. Well done Brie Larson you got the Oscar and you are great.\nJacob Tremblay blew it out if the park. They had so much chemistry to\neach other. My problem though is the second half. Other than that this\nmovie deserves your money go watch it.\n"},
{"review": "\nThis is one of the most impressive movies I have ever seen. And it is\nnot easy to impress me. The genre is psychological drama but really it\nis Not as anything you have ever seen. You know that you have something\nspecial when everyone is telling you that you movie is good and unique.\nThe only movie i would relate it to as analogy- may be The Road. This\npicture is all about a struggle that mother and her child have vs cruel\nand constantly changing world. It is not actually about the abduction,\nit is more about growing up and adjusting to new world. For both mother\nand child. Despite the extreme circumstances of this story, it leaves\nyou asking yourself are you really ever ready for pressure of raising a\nchild? Dramaturgy here is maybe the best I have ever seen. Astonishing\nwork on psychology and writing it into a simple but impressive form.\nAlso incredible actors performance. You will shed a fair amount of\ntears but it will leave you with a good feeling.\n"},
{"review": "\nGiven the disturbing premise of \"Room\", I was expecting emotional\nintensity, a fairly static plot, and a generally dark tone, so I was\nsurprised to find this movie to be an engagingly-told story of\nresiliency.<br><br>Both Brie Larson and Jacob Trembley are outstanding. Playing mother and\nson, their characters and relationship are completely convincing, and\nwhile the story starts fairly quietly (perhaps to reflect Joy's and\nJack's captivity), the story gains intensity as Joy realizes the need\nto escape, and prepares Jack to help in the attempt.<br><br>This is a story about trauma, survival, and resiliency, told very\nquietly and carefully. I marvel at films that find the significance in\nthe everyday, without having to warp it for dramatic effect. \"Room\"\nachieves it beautifully.\n"},
{"review": "\nThis is a movie that I wanted to see and at the same time knew it would\nbe hard to watch. And it was. The acting by Ma and Jack is so realistic\nand has been rewarded so many times for Brie Larsen. Jacob Trembley\ndeserves more awards but I look forward to seeing this young man again\nand again. To put a story of a woman who is kidnapped at 17, and has a\nchild, and finds a way to get him out of the Room - on the screen could\nnot have been easy. The ability of Ma to keep Jack curious, to teach\nhim, and protect him - to well presented. The script is so good. You\nare presented the aftermath of the events and they are presented with\nsuch probable truth. To go back to a world that is different that you\nhad at 17 and then a 5 yr. old being able to experience it for the\nfirst time - well done. I am glad I saw it - wish I had seen it when it\nfirst can out - but will never forget this film.\n"},
{"review": "\n(spoilers) Directed with competence and subtlety by Lenny Abrahamson,\n\"Room\" is winning direction with good score and great acting from\nleads, especially Jacob Tremblay (young Jack). The claustrophobia of\nthe first 45 min wears a bit, but the filmmakers redeem themselves with\nan excellent 2nd half of adaptation and re-circulation into society.\nCamera angles, brightness, and blurriness, including sound muffling are\nall masterfully distorted and adjusted to impart the strange distress\nthe boy gets put through when transitioning. The dialog is not\nfar-fetched or pandering. Indeed, the movie was very good, adapted from\nthe novel with the same author creating the screenplay as well. 7.5/10\n(recommended)\n"},
{"review": "\nFrom the first moment I started watching this film, it caught my full\nattention. The story line is so powerful and vulnerable at the same\ntime I couldn't help but thinking this is one of the best films I've\nseen in the last year or two. What I found most enchanting personally\nwas the connection Ma' and Jack had throughout the entire film. The\nworld Ma' had created for Jack to grow into despite her own tragic fate\nwas beyond words. But what really broke me is the second part of the\nfilm, when both are free and out in the real world again. That's when\nemotions start hitting Ma' the way they should all those years she\nstayed strong for Jack in Room. The suicide attempt for me was the peak\nof the story! The chemistry between Brie and Jacob on and off set is\nundeniable. The two of them created something so strong, and pure and\nsincere, I think that was the main reason this film got so far, and\npeople got so stunned. I recommend it for anyone who is up to an\nemotional, powerful experience. MAGNIFICENT FILM FOLKS!\n"},
{"review": "\nI got curious about this after I heard about Larson's Oscar for the\nrole. The story is well told and intimately enveloped \u0096 both inside the\nroom, as they cope and survive, and outside, as they adjust to a\nnormalized life \u0096 and it has its moment of prisoner poetry, but it\nkeeps it light on the drama strings as it filters the heaviness of\npsychological anguish through the prism of a 5-yr old boy. This could\nbe seen as properly measured, of course, and preferable to most\nviewers, but I'd expect a more incisive and explorative recount, with\nall the squalor and darkness such abuse and rehabilitation would\nentail, before the opening to a new life. One also wonders about the\nmissed chances of making enough noise to be noticed, and I spotted an\nobvious stylistic error in the camera vehicle's shadow as it follows\nthe captor's truck. The kid was pretty good.\n"},
{"review": "\nThis movie was breathtaking. <br><br>I wouldn't have been surprised if the movie had been just about the\ntime spent in Room with an escape finale (the typical on this subject),\nbut being able to get a glimpse of life outside hell from more than one\nperspective, made the movie complete. I've read the reviews that said\nthe movie is about nothing. It's true. It's about nothing but inner\nstruggle, nothing but constant moving on, nothing but parental\nworries&amp;strategies&amp;love, nothing but inner conflicts, nothing but life.\nSo it's not the movie that lacks depth, you just need your own personal\ndepth to relate.\n"},
{"review": "\nthis movie have taken my breath away for almost two hour and its so\ngreat when it comes to cinematography and story line and motion\npicture, i will be surprised if they did not nominate it for Oscar this\nyear.<br><br>Brie Larson preformed well and acted well and she deserve the Oscar for\nthis i did not like how the story went slow after they been rescued but\ndue to the purpose of the story line they had to maintain such level.<br><br>they did not also gave us enough information about what happened to the\nkidnapper.<br><br>just watch it and stop wondering around, 8/10\n"},
{"review": "\nI was very hesitant to watch this film. I knew the subject matter and\nfind news about abduction and abuse very upsetting. The thing is, I\nwanted to see the performances by Larson and Tremblay, so I watched it.\nThey did not disappoint. They were both absolutely flawless. I was\nshocked at how the film wasn't that difficult to watch. I thought I'd\nbe tense the whole time but I wasn't. It really is a movie that the\nmasses can relate to. Anyone can find a way to relate to this. It is a\nfilm about a mother and son bond. I also love that the author of the\nbook also wrote the screenplay (love seeing a female screenwriter!)\nIt's nice that she got to choose what parts of her story were shown on\nscreen. I probably won't be able to watch this film again (lots of\ncrying was happening on my part) but I highly recommend seeing it if\nyou haven't.\n"},
{"review": "\nRoom creates an impact as it starts with the mother and her son, within\nthe confinement, that within a short time we are taken into their\nworld. Not stressing much on the saddening prison-ed part, it quickly\npacks up and move into the reformation side of two soon up to happy\nending.<br><br>It remarkably acknowledges all the possible issues that should arise in\nvarious individual situation both are put into. One doesn't think of\nbeyond because he has never experienced it, all the facts mentioned to\nhim suddenly are fake and story for him. With time he realize the\npossibility of possibility.<br><br>Satisfying performance of Brie and Jacob is worth noticing. The movie\nis courageous, powerful, questioning, emotional, agitating, disturbing\nand one of its kind\n"},
{"review": "\nThe first 45 min are not bad. It gives idea of the claustrophobic\nsituation and the desperation of it, although very little. After the\nescape (hello! No spoiler, it's in the description the movie) out\nbecomes unbalanced and drags on as a drama. Nothing about the\ninvestigation. Just to many scenes of getting back into the real life.\nThe narration a boy who is far too old to be a 5 year old is about as\nirritating out gets but I get this with American child across a lot.\nThe story is rather flat, in dialogue, in relationships, in storyline.\nI know it happens to people like kampusch but that just isn't enough to\ncompensate for poor directingand flat writing. Not impressed.\n"},
{"review": "\nI've just returned from the pictures after watching this film. Great\nperformance from the young boy Jack, but doesn't carry the film.Too\nmany unanswered questions and holes in the plot lines. The worst\nwas:-three slows and a stop, and robocopette leads them directly to the\nshed??? really??? I left the pictures when they found the dog toy\nbehind the settee. probably not a great admission for a reviewer, but\nit had seemed to have slipped back into maudlin and lethargy. maybe I\nmissed the best bits, but did I really have to get into a state of\nboredom before I could appreciate it? just because Jacks' like was full\nof tedium and repetition, doesn't mean the point has to be hammered\nhome so effectively. there is nothing wrong with slow moving films as\nlong as it is effective.films where you wonder whats around the corner\nrather than hope.I have only left a film once before. Hostel.Ankles. I\ncouldn't watch anymore, and for completely differing reasons, and\nneither could I tonight.\n"},
{"review": "\nthis is a story when the extreme turns to normal, when all hope is lost\nand the only option is to cope with the horrors of life, and how one\ncan suffer dealing with the normal again when the Weights are lifted\noff the shoulders.<br><br>this is how good a mature story can get when told by a five-year old\nboy, with a five-year old perspective, sad, tragic, deeply emotional\nand very very profound.<br><br>but to think this story is the real life of someone real about whom we\nknow nothing, gives you a feeling of depression and sorrow that you\nwould't shake off very easily.\n"},
{"review": "\nI can't list out all the things, I love about this movie as it would\nviolate the spoiler rule of IMDb. But I'll try to describe as much as I\ncan. The movie starts, giving you an insight into the small world of\nJack, who is now five years old. He lives with his mom. He has a very\ndifferent concept of the world and people compared to us. The story\nunfolds and you realize their condition. The escape scene can give you\nchills and it was one of the best scenes of the movie. They adapt to\nthe normal life of the outside, and it doesn't turns to be easy for\nthem. But they carry on, and Jack who is learning the ways of the new\nWorld, that he has found, makes some amazing discoveries which can\nbring tears of joy to the common adult. Brie Larson portrays her role\nvery well. The performance by Jacob Tremblay, who played Jack, was\namazing too.\n"},
{"review": "\nI enjoyed the first half of the movie more than the second. Jack and\nhis mother's time in Room was captivating. I was intensely interested\nin their relationship and way of life, trapped in such a tiny\nenclosure. During their attempts to escape, I was kept on the edge of\nmy seat in suspense. Jack's first time seeing the real world was\nmagical and terrifying at the same time. I couldn't even imagine the\nsensory overload. <br><br>Then they both arrived at Jack's grandmother's house. Events here\nseemed to unfold choppily. There was no clear direction. Before, Jack\nand Ma's goal was to escape Room. Now, they were simply living\nday-to-day, trying to adjust and readjust to the real world. This was\nsomething they didn't handle gracefully, which was unsurprising after\nall they went through. <br><br>Room is an impressive film\u0097one I won't likely forget. The acting is\nstellar.\n"},
{"review": "\nRoom is directed by Lenny Abrahamsom and stars Brie Larson and Jacob\nTremblay. I will not describe the plot because if you no nothing going\ninto this movie, I feel like it makes so much special. What makes this\nmovie so special and worthy of being nominated at the Oscars is the\nperformances by Larson and Tremblay. I've never seen such great acting\nby a nine year old year kid before. Brie Larson also did a fantastic\njob, an amazing performance that in my opinion she will win the best\nactress. This movie is also directed beautifully which is all thanks to\nLenny Abrahamson. The only negative that wasn't very a negative for me\nbut might be for some people is that it is a very slow and heavy movie\nbut the great storytelling just makes you want to see what happens\nnext. Overall Room is a fantastic story of a mother and her child in a\nbad situation. The performances were amazing by everyone. Definitely\ndeserves to be in the Oscars race.\n"},
{"review": "\nWow. I was just amazed. I had read the book before seeing the movie and\nthis is one of the very very few cases where the movie is as good as\nthe book. I left the theater joyous and so delighted. It made made me\nlaugh, and cry (which has only happened in a handful of movies). It\ntotally deserves to win Best Motion Picture of the Year. Brie Larson &amp;\nJacob Tremblay were phenomenal actors in this movie. I love this movie\nso much. This is definitely worth the watch. This is a beautiful\nadaptation and a wonderful, delightful, and heartfelt movie that\neveryone should see. Brie Larson was so great and she connected with\nJacob so well. I can't stress enough how much I love this movie. It\nleft me thinking about how love can conquer any obstacle life throws at\nyou. Trust me when I tell you, you'll love this movie.\n"},
{"review": "\nAmazing. A tense, intriguing, sad and compelling story, addressed in an\nexcellent way, in a way that can maximize all these aspects are of\nvital importance in the construction of the entire film, this is a\nbrief summary of all quality Room. But it is not only that, the\nperformance - just like in any great movie - is another plus point,\n(and very positive!) Both Brie Larson protagonists (which competes for\nthe best actress Oscar in 2016) and Jacob Tremblay (which could easily\ncompete for the prize as well), has a great chemistry, which is vital\nfor a film with much of their time focused on only a quarter, and, of\ncourse, both individual performances are magnificent, Brie goes all the\nanguish and anxiety that your character must have already Tremblay\neasily changes ingenuity of times to other distress and even happiness,\nwith a fluidity simply fantastic, and the most frightening: He's only 9\nyears! A great movie, which is very well the difference in quality\nOscar to competing films compared to last year, really worth watching.\n"},
{"review": "\nReally worth watching the movie. Outstanding performances from not only\nBrie Larson ( which already brings Oscar) but also Jacob Tremblay. We\ncan all be surprise how big imagination of the children's can be.\n~spoiler~ Grandma referring the room: Wasn't it awfully small? Child\nreplies: It went every direction,all the way to the end. It never\nfinished. I love the story and the movie. Yes we all love happy\nendings. However, the story reminds us that such stories can be real\nand we are not lucky to always have happy endings. Hope, that this\nstory will not be only for having a great 2 hours and we show our\nsensitiveness for such realities.\n"},
{"review": "\nI found \"Room\" to be a wonderful movie. It's the typical story of the\nteenager who gets kidnap one the way home from school and spends years\nlocked in a room by her captor. During those years she gets pregnant of\nher captor and give birth to a child that becomes her reason to\nsurvive. Upto this point it's a story that has already been told a\nmillion times, but, here comes the spark of this movie, this one is\ntold from the child's (born in captivity) point of view. From the first\nscene on, the director takes us on trip inside this little 5 year old\nkid. How he structures his word, his conception of what the word is,\nand isn't. What is real, what is imagination, what is TV, and so. On\nthe side we see an extremely strong Mom who somehow managed to make of\nthat terrible reality a happy one for her child. And then they finally\nget out and the movie starts... A wonderful movie indeed. I strongly\nrecommend this movie to all psychology students or those who are\ninterested in such topics. An already told story from a whole different\npoint of view. Totally worth watching!\n"},
{"review": "\nThis is a very brutal film, but it has to be expected from the fact\nthat it is about abduction. It feels very menacing the whole way\nthrough, as things aren't all sunshine and rainbows on the outside.\nThere is very little musical score to the film, which I think makes the\nfilm feel even more empty and desolate. The child actor Jacob Tremblay,\nwho plays Jack, is very good in this, one of the best child actors I\nhave ever seen. And yes, the child is a boy and is played by a boy,\ndespite how he looks for the majority of the film, which some\nfilm-goers around me at the cinema were shocked to find out. There are\nparts of the film in which I was left asking what happened to some of\nthe characters, but it was a pretty good film nonetheless.\n"},
{"review": "\nAfter reading all the comments I just had to see this movie. I expected\nit would be about the difference in feelings between mother and child\nabout their situation (In the Room as well as outside). And in a way it\nwas, especially the first half of the film, which was really good. The\nsecond half disappointed me a little bit. It even was a bit boring and\nsometimes over the top sentimental. Where the movie made me cry in the\nfirst half, the second half made me laugh. Because it was funny to see\nhow over the top wise Jack was. And everything was done to make the\nviewer feel something. However sometimes less is more. Over the top is\nfunny. But the American audience will love it.\n"},
{"review": "\nI remember hearing about the book a long time ago but never got around\nto reading it.<br><br>This film is beautiful. A painful but inspiring story told from the\neyes of a five year old boy who's been raised in a tiny room his whole\nlife. His mother did the best she could with the tools she had.\nAllowing him to believe that the room was the whole world so he didn't\nknow what he was missing. Until she decided enough was enough and\ncreates a plan to escape. Amazing performers by both leading actors.\nYou will cry, you will laugh and you will think about the small things\nin life a little differently after seeing this!<br><br>10/10 amazing.\n"},
{"review": "\nGreat movie. Difficult to watch because it really hits a nerve and puts\nyou in the shoes of the characters and the difficulty they endure from\nthe kidnapping.<br><br>I've seen many episodes of forensic investigation shows and this one\nreally does a good job in portraying a fictional story based on\nprobably real-life inspired events.<br><br>The first half hour is a little boring as not a whole lot changes,\nhowever, it is a great introduction and really gets you hating the\n\"room\" featured in the movie.<br><br>Great acting both by Brie Larson and Jacob Tremblay.<br><br>This and \"99 Homes\" with Andrew Garfield really bring to life some of\nthe social issues facing America today.\n"},
{"review": "\nWe all have our 'room' and most of us witness that turn in our lives,\nwhere we come out of the 'room' created by our society and start\nquestioning the truths, whether it is Political or religious beliefs.\nThis is a perfect flick to explain the lives from a third eye in an\nover simplified manner and it will leave you awestruck and enlightened.<br><br>It was a beautifully made movie with great cinematography with\noutstanding performances by little Jacob and Brie, Though the plot was\nnot that logical and had many holes in the storyline if you see from\nreality perspective but still a must watch for every generation with\ndeeper lessons about life.\n"},
{"review": "\nThe story behind the movie is breathtaking on its own. Being held up in\na room for that long and not going insane is by itself a miracle and a\ntriumph of mind over matter. I loved the fact that the movie focused on\nwhat happens after, which is a big deal on its own. <br><br>Everyone seems to think that it's all about getting out of a hardship\nwhen it's also about handling the aftermath and making it over such an\nexperience. This was not a sad movie. It was a movie about courage,\nabout never letting go and keeping it together. <br><br>I will forever remember the dialogue when she says to the kid \"I am not\na good mom\" and he replies, \"well, you're mom\". This was the one phrase\nthat defined the movie. Nothing more needed there. This movie, while\nnot a 9 or a 10, it's one of these movies that will stay with you\nforever.\n"},
{"review": "\nFor me good movies are the ones that leave me thinking about the\nstoryline and what happens even after the movie is over and that\nhappened with Room.<br><br>The storyline is not complex at all and that's a good thing because I\ncould actually focus on the amazing performances by Brie Larson and\nJacob Tremblay, who's character seem annoying at times, but that makes\nthe performance even better.<br><br>But then again, it's not only about the characters and how the actors\nplayed them, the movie is so simple that you can actually understand\nwhat's happening and get caught in the story and it's emotions.\n"},
{"review": "\nEvery once in a while a movie such as this one comes along, and if you\nwatch it you'll understand why I say \"less is more\"; I am talking about\nsimplicity, frame what you need in order to tell the story, and be\nintimate, capturing the emotions giving by the performers, and all of\nthis is the combination of well written script \u0096 great actors \u0096 and a\njust fine directing. But on top of everything we have Jack, and the\nworld seeing through his eyes when he finally has a chance to have that\nencounter, furthermore, leaving us with the challenge, and that is,\nbring back that innocent being we all once had, as it was suffocated by\nthe world we live in today. Jack shows how that can actually be done:\nwhite is white \u0096 simple is simple \u0096 real and not real\u0085 Let the sun\nshine, even if it is through a small tiny skylight, for that we know\nthere is a God above everything.\n"},
{"review": "\nThis just... this just... This movie just broke me. When I started\nwatching this, I taught it would be sad and everything, but not THIS\nkind of sad. I mean, I cried in most part of the film. I cried watching\na boy eat cereal, that's how powerful this movie is. With a very hard\nand deep topic, solid performances and the greatest photographer,\nscreen-writers, directors,etc ever, Room will be one of my\nall-time-favorite-heart-breaking-movies. You want to cry? Just give\nthis movie like, ten minutes, ant then we talk. Another great thing\nabout Room is that, yeah, it's heart-breaking, it deals with a pretty\ntaboo topic and is very real; but at the same tame is fast-passing and\nits so easy to connect with the characters... And I just love the\nhopeful message at the end.<br><br>This movie was simply too much for me.\n"},
{"review": "\nalthough what Ma and Jack are suffering is not a thing that likely\nhappen to you or any one you know but this film makes you feel related\nto them and it leaves you emotionally drained. the moment jack returns\nto his ma you feel relived, and jack explanation to his surroundings\ngets you to feel absurd.<br><br>when Ma was having the interview and doubt got to her about what she\ndid for jack was the right thing it gets to you either. this was the\nfirst film i watch made by Lenny Abraham son but now i am sure there\nwill be a lot to come Brie Larson performance was so neat and made me\nforget she was acting and i believe she is the closest to the academy\naward this year\n"},
{"review": "\nThis is a drama that holds from its two protagonist. Brie Larson is\namazing and very much deserving of the Oscar this year, and Jacob\nTremblay's performance as her son Jack, is stunning. Despite its grim\nsubject matter about the complexity of the relationship between a\nmother and her child that being kept captive, \"Room\" never wallows in\ndarkness, but instead stares defiantly into the light and the hope. It\nis an emotionally powerful story and an honest film that is great\nthrough its simplicity. The script from Emma Donoghue is truly\nspectacular. Never again a fictional story could feel so much like a\ntrue story...\n"},
{"review": "\nI have to say that I suffered through this movie in every possible way,\nphysically, emotionally, psychologically and who knows what else. <br><br>This movie takes you from being mad and frustrated, to crying nonstop\nin seconds. It makes you giggle at some of the innocence that Jack has\nand it makes you feel grateful for what you have. <br><br>It has been one of the best movies I have seen in the year, with\namazing performance from \"Ma\" and \"Jack\". It doesn't need the physical\nand evident violence to make you feel it. At all times it's possible to\nfeel the deep, strong shocking life that is being shown.<br><br>Definitely a movie, that I might not re-watch so often, but for sure\nwill go into the collection.\n"},
{"review": "\nBrie Larson is Joy, a 24 year-old mother who has been abducted and held\ncaptive in a room for seven years. Her son Jack(Jacob Tremblay, with a\nstunningly believable performance) share the screen together for a long\nstretch and are absolutely riveting in this heart breaking film. Joy\nhas somehow been able to teach Jack to read and expanded his vocabulary\nto a high level while trapped in hell. Through sheer willpower they\neventually exchange one form of emotional torture for another. The\nstory does not go the way I expected it to, and this is not a\ncriticism. Life is not a bowl of cherries with everything working out\nin the end. Room is a realistic view of the world carried with two\noutstanding leads in Larson and Tremblay. One of the ten best movies of\n2015.\n"},
{"review": "\nThe depth and quality in Room stretches further than most emotional,\nheartbreaking films. If you're aware of the Fritzl case back in 2008,\nor any similar besides, there's a fair few hardships to view when\nwatching Lenny Abrahamson's rare gem. Brie Larson, known as Ma, has\nbeen trapped in 'room' for several years. Her son Jack (Jacob\nTremblay), who's just turned 5, has never been outside. His world is\ninside the four walls that surround them. This is sweet, sentimental\nmaterial, but so, so agonising, showing the strengths of a relationship\nbetween mother and son, and their ability to overcome the odds. Larson\nis impeccable, a beautiful performance that'll have you smiling then\ncrying moments later. The young Jacob Tremblay is a sensation, playing\na part that would seem impossible for someone to even comprehend at\nsuch an age. Room is more than anything a love story, with added\nthrills and drama. Highly recommended viewing.\n"},
{"review": "\nI rarely give 10 scores. This film is so well-written and well-acted,\nand is so emotionally true and harrowing, it deserves the top score.<br><br>Much of the movie takes place in the \"Room,\" where we see the\nrelationship between the mother and son and the great lengths to which\nshe goes to make her son survive emotionally. The escape scene is\nharrowing, which just goes to show you don't need special effects or\nsuperheroes for suspense; in fact, there is more suspense without them.\nI was expecting more of a grim story, but even though the subject is\ngrim, this movie is about survival and it could be seen as uplifting.\nThere is a complete lack of sensationalism, which I appreciated. Brie\nLarson is phenomenal. One of the best films of the year.\n"},
{"review": "\nJoy was kidnapped 7 years ago: since then she has lived in a single\nroom with her 5-year old son (by her kidnapper) Jack. On finally\nescaping, both mother and son need to connect to a world which has\nmoved on for Joy, and which Jack has never known.<br><br>This is a psychological drama on three acts: there is an expository\nsection which shows us the limits of Joy's and Jack's world (and, as it\nis the only world Jack has ever known, it is perfectly normal to him),\nthen there is the drama and excitement of the escape and, finally,\nthere is a lengthy section in which we see what happens afterwards.\nThis final section was the part I loved because it simply plays with\nyour emotions as you follow the progress of Joy and Jack, and Joy's\nfamily, as they meet assorted issues which must be dealt with.<br><br>Brie Larson as Joy (\"Ma\") is wonderful, and young Jacob Tremblay as\nJack is simply astonishing. Jack is a complex character and far from\neasy to play, but you never for a second think you are watching a child\nacting: Tremblay IS Jack.<br><br>This is an excellent film.\n"}
]