[
{"review": "\nThis is a prime example of a modern movie with stunning visuals but\nlame writing ...not a bad way to kill a few hours whilst stuffing your\nface with popcorn and playing with your phone but overhaul the story\nhad to many stupid moments that you'd have to be utterly mindless to\nforgive.<br><br>There's also nothing new here and the dark side are making the same\nstupid mistakes they were making 30 years ago. It's almost like a\nremake or homage to the original films.<br><br>The two main good characters are awfully skilled in lightsaber fighting\nand/or using the force considering they didn't even have a clue twenty\nminutes earlier and had no training in either. The main bad guy despite\nhaving training from the dark side appears average against the two\nnobody's who suddenly have discovered their remarkable skill.<br><br>Eye candy not brain candy. It's mindless fun but too mindless...more\nbrain dead...leaving the intelligent member's of the audience thinking,\nwhat?\n", "score": "5"},
{"review": "\nNever felt the need to review a movie before but thought i had to\nspread the word that this reboot is beyond terrible. I went in with an\nopen mind and hoped jj Abrams would restore my faith in the franchise\nafter the terrible prequels. <br><br>Instead i got another rehashed,regurgitated story like we have seen\nrecently in so many other rebooted franchises such as ;terminator,the\nhobbit, spider-man etc.<br><br>This was made apparent when it became obvious that the plot was\ndirectly lifted from episode 4 and nothing new or original was created.\nWhat was delivered was some lame sand planet which was a direct copy of\ntattonine and a death planet that was 50x bigger than the original\ndeath star but was still easily destroyed by a small group of xwings.<br><br>Just like myself it seems the empire have not learned from their\nmistakes about the problem with building death stars and i have learned\nnothing about spending money to watch reboots.<br><br>Han solo dies which as my friend mentions to me is a metaphor for\nlovers of the old trilogy watching this piece of crap movie.\n", "score": "1"},
{"review": "\nThis film has four layers 1. Beautiful visuals, the outer layer 2.\nNostalgia 3. Cheesy jokes and predictable action 4. Emptiness, there's\nno weight to any of it, no atmosphere<br><br>Don't get me wrong I don't think it's a one out of ten but it does not\ndeserve to be ahead of films like the hateful eight and I feel bad for\nall the money Disney has managed to make for nothing original, I was\nlooking forward to it, but was so disappointed, there are plot holes\neverywhere that make you escape from the movie because you don't\nbelieve any of it, and everything is made overly dramatic without any\nsubtly so it just makes you cringe instead, there are no New ideas and\nthey make the galaxy feel as if it's the size of a small town rather\nthan that feeling of endlessness you get from the originals, the first\nhalf was better but the second half is so predictable, I liked Kylo ren\nand hope snoke is not just emperor 2.0 but the plot was far-fetched and\nthe cheesy jokes felt awkward and cringe worthy like in a marvel movie\nbut those jokes have more place in them\n", "score": "1"},
{"review": "\nI've never left a review for a movie before, but this movie calls for\nit. Disney completely broke the trust of long-time fans, and\nunnecessarily made a movie that could have been a positive experience\nfor many people into a very negative experience by killing Han Solo.\nWhy? They do not provide any new real heroes (or villains) and instead\nmake you watch the most iconic hero of the Star Wars universe die in\nfront of you in front of a laughable villain. I think a lot of people\nare going to be saddened by this completely unnecessary act. Even the\nforce itself was nothing that had \"soul\" anymore. Even that was flat.\nPeople weren't in love with Star Wars or lightsabers, they were in love\nwith the heroes that dared to go against tyrants. But this movie was\nmade by tyrants of the entertainment industry, what could we expect?\nThanks for nothing, Disney.\n", "score": "1"},
{"review": "\nBoring is too much of a compliment, this movie is almost annoying. Very\ndisappointed as Star Wars fun, I've been looking at the watch\nimpatiently waiting for the end of the movie. It's like a never ending\nintroduction, you always wait for the real film to begin, but it never\ndoes. Absolutely no glamor, no imagination, no new star ships,\nshameless copying from previous episodes for an asphyxiating plot with\nno change of scenes/planets/stories to take a breath. And an\nunforgivable mistake: having taken it all far too seriously.<br><br>A positive remark just for the two actors Daisy Ridley and Adam Driver,\nvery well chosen, but unfortunately very badly utilized in the movie.<br><br>And a very strange phenomenon: all the excellent critics by almost\nevery magazine/newspaper, which really makes you thinking about their\nreal independence. Very surprised also by the overall IMDb rating.\n", "score": "1"},
{"review": "\nUnoriginal plot, characters, planets, space fighters, weapons, script\n........ This movie makes the prequels look stunningly good. <br><br>You have already seen this movie before - in 1977! The original was\nenjoyable, this unfortunately is a predictable yawner. I actually fell\nasleep a various points because I knew that I wouldn't miss much.<br><br>It's tragic that this reboot has been wasted when both Rey and Finn\npull off relatively good performances even if we have seen their\ncharacters before.<br><br>This is targeted at youth under 20. A re-introduction to Star Wars that\nwill sadden and disappoint most die-hard fans.<br><br>If your over 20 years of age save your money and go see something else.<br><br>PS - Jurassic World suffers the same fate!\n", "score": "2"},
{"review": "\nWow, I've never ever written a review of a movie in my life and feel\ncompelled to write one at 2:14 am right after watching this sad excuse\nof a star wars film.<br><br>I've never been this disappointed, it was worse than the phantom\nmenace. I repeat it was worse than the phantom menace. There are no\nJedi's in this movie, no lightsaber duels worth watching, story is\nabsolutely moronic...<br><br>I'm sorry I just can't write anymore, i have to go to sleep and forget\nabout this. I'll tell you this much though, it was so bad that I swear\nI checked to see if I was having a nightmare or if it was really\nhappening, I did a \"dream test\" I would look at the exit sign and look\naway and then look back (in a dream written text changes if you look at\nit a 2nd time - I'm a lucid dreamer). Biggest letdown for the biggest\nstar wars fan. <br><br>George Lucas I miss you.\n", "score": "1"},
{"review": "\nThe Plot...<br><br>Lonely, abandoned kid, barely existing in some desert junk yard,\nAccidentally (destiny) becomes a key figure. Father/son struggling to\nrekindle after a betrayal. Must stop super planet weapon from\ndestroying peaceful planets by sneaking into the support site and\ntaking down the shields. don't forget to hit the achilles heel and fly\noff before it all goes boom.<br><br>Did the writers have any new ideas, other then overt political\ncorrectness?<br><br>Despite the warm and fuzzy cameos and some new faces, There was no\npolitical intrigue, genuine suspense nor interesting fight sequences.\nWe spend the whole movie waiting for the relationships to be confirmed\nwithout any interesting twists.\n", "score": "1"},
{"review": "\nThis movie flat out sucked. All the other honest reviews on here do a\ngreat job of explaining why this is nothing but tomfoolery. I'm happy\nthis movie sucked. I'm happy it killed Star Wars and I'll tell you why;\nbecause it means I don't have to waste another penny on any of the 90\nupcoming Star Wars trash Disney is going to pump out in the next few\ndecades. And for all you mindless sheep defending this lame duck, I\nhave news for you! You are not allowed to change your mind about this\nmovie! People you know will call you out for loving this film in a few\nyears from now and you will look like a complete idiot. Those pricks\nrunning Disney will not fool me again. Episode 8, 9, 10, 20, 50 and 70\ncan wait for television.\n", "score": "1"},
{"review": "\nWhere does one even begin with this joke of a movie? This has to be the\nmost over-hyped and most disappointing movie of all time. The story is\nliterally copied and pasted from A New Hope, only with horrible plot\nand laughably bad dialogue. The visuals is the only thing I can say\ndidn't suck, besides Snoke looking like the orc villain from the Hobbit\nmovies. The amount of plot holes in this movie is absurd. People hated\non the prequels, but The Farce Awakens is exponentially worse.<br><br>I will not even consider this a Star Wars sequel. I see it more like a\nfan film, nothing more than the piece of junk this is. It is obvious\nmany of the high ratings here are illegitimate, this film does not\ndeserve a rating higher than a 6 from ANYONE. Thanks Jar Jar Abrams for\nwiping your butt with Star Wars!\n", "score": "1"},
{"review": "\nEasily the worst Star Wars movie in history! J.J. Abrams is a horrible\ndirector! I have no idea why Disney chose him as the person to ruin\nwhat could have been a great Star Wars movie. I went to the theater\nexpecting much more and I was actually excited to see the movie. After\nabout 20 minutes I begin to look at my watch. I just wanted to go home\nand get drunk. I was so depressed that I just spent 40 dollars on this\ngarbage. The PC police probably forced the director to include a woman\nand and African American as lead characters. Even an overly effeminate\nvillain also thanks to PC brigade. The movie was in no way a sequel it\nwas a rebooted mix of the previous 6 star wars movies. My 10 year old\njack Russel Terrier dog could have written a better script then the\nretarded writers that Disney hired. If you like wasting money go ahead\nand see this movie.\n", "score": "1"},
{"review": "\nI am speechless, what a let down!<br><br>This movie was a replica of the Episode IV, made in 2014/15. Or you can\nsay, it is a fusion of Star Wars + The Lord of the Rings + Star Trek +\nHunger Game, all in one. Weak acting, poor script, predictable plot,\nand so on. Hate the stupid cross light saber, big- head Gollum\nresembling evil master............. <br><br>I just felt like I had a bottle of cheap, terrible beer at an expensive\nbar and needed to rinse my mouth by watching the original Episode IV\nright after. <br><br>Looks like Disney made this movie just to lure young audience that\nnever watched the Episodes IV, V, and VI or born after 1985. They could\nhave done better with an animation version instead or should have hired\nPark Chan Woo to direct it. <br><br>This movie has no SOUL.\n", "score": "1"},
{"review": "\nThis is the first movie review I ever wrote but seen the insane 8.5\npeople gave this movie I had to do it. \"Sploilers Ahead\"<br><br>This is by far, far away the worst Star Wars film there is. This film\nit's a total and complete contradiction to the Star Wars rules and\nuniverse. As mentioned by many users the plot it's a cheap copy of\nEpIV, adding the Disney touch to the Star Wars Universe (stupid jokes\nall the time, political correctness, racial inclusion, etc). Kylo Ren\nis the worst villain there is, he lost a battle with an ex janitor and\na scavenger who has never used the force before, JJ Abrams know nothing\nabout the Star Wars universe, that's a NO, she can't learn the force in\n10 seconds by just closing her eyes, it doesn't work that way! The\nlightsabers know don't cut you, they just simple made a little burn,\nKylo Ren get's hit 4 times and he keeps on fighting (Obi Wan get a\nsimple touch of a lightsaber in his arm in EpII and gets disabled\nimmediately). And the casting except for Rey is really really\nterrible.....RIP Star Wars\n", "score": "1"},
{"review": "\nI wouldn't have taken the time nor the effort to post a written review\nof this movie were it not for the suspiciously inflated IMDb score of\n8.5. Curious, I scrolled through the first 20 PAGES of reviews and\ncounted exactly 5 positive ones. The many negative reviews gave it one\nstar explicitly to balance out the ridiculous score it now has overall. <br><br>I will do the same and I urge everyone else who gave it 5 stars or less\nto amend your review and give it a one star rating instead. The IMDb\nbooks are cooked. I'm not a conspiratorial person by nature but with so\nmuch money at stake I have to believe that the House of Mouse might\nhave had something to do with it. <br><br>At any rate I would honestly rate it a 6 out of 10. But my sense of\nfair play bids me give it only one star.\n", "score": "1"},
{"review": "\nWorst Star Wars movie.<br><br>After so many years the engineers still failed learning the importance\nof a backup system?<br><br>Both sides are using rusty fighters built several decades before?<br><br>The Force has become so cheap and Rey could beat Ben in no seconds?<br><br>If so why she is looking for Luke? The old Jedis were so dumb they need\nmore than 10 years of training to play a mind trick or handle a light\nsabre!<br><br>YOU KILLED CAPTAIN HAN SOLO?<br><br>Every character is so shallow that I didn't feel anything. I personally\nfelt worse and worse as it came to an end.\n", "score": "1"},
{"review": "\nThat movie was made for only one purpose, sell, sell and sell. Massive\nlack of imagination. Just copied the Episode IV and changed the\ncharacters. Now all markets and shops are full of the new character.\nDisney and JJ seem more worried about merchandising that the movie\nitself. Now we have a introvert teenage with serious psychological\nproblems who kill his father (looks like they found out the character\non a newspaper chronicle) as Darth Vader. A girl who live on a dessert\nand find a robot with a hidden message, wow, what an explosion of\nimagination. The only new thing is that now everybody can understand\nthe droid's language, so i can imagine it won't be a new C3PO. The Nazi\nway of the stormtroopers speech, the gangs chasing Solo, the\nstorm-trooper using light-saber as a great Jedi. Everything pretty\ncheap and nonsense. Even star war video games have better script.<br><br>Story: 0 points. Suspense: 0 points. loyalty to the saga: 1 points.\nMarketing: 10 points. Profits: 10 points.\n", "score": "1"},
{"review": "\nThis is my first review of a movie and I just had to put it out there.\nGuidelines on this site require that I put 10 lines of text in this\nreview but to be honest I am not really sure this movie deserves that\nmuch. I do not know how critics came up with such high marks for this\nmovie but scenario and characters felt like something that has no\nconnection with the ideas established in the Star Wars universe from\noriginal trilogy. <br><br>As for the content of the movie, I think that Han Solo actually killed\nhimself in the end while thinking: <br><br>\"Thank God this is over!\". <br><br>If he didn't, who knows what would they make him to in the next movie.\nSell lollipops perhaps?<br><br>At least my $12 popcorn bag was good until it lasted.<br><br>That is all I have to say.\n", "score": "1"},
{"review": "\nwith virtually no imagination this is a terrible re-write of Episode IV\nbut with rewriting the basic rules of star wars into meaningless drivel<br><br>Now it seems that light sabers come with a on-off switch andante\ntwo-bit can easily operate one with no training whatsoever. And light\nsabers only have the \"power\" if the bad guy (whose light saber looks\nlike a flame) wields it but if the \"Jedi\" wield it you can battle them\nwith nothing more than a baton and beat them as the Jedi weapon cannot\naffect anything non-organic an even when hit full in the face all you\nget is a little scar - big whoop.<br><br>Now apparently you can build a death start that can simultaneously\ndestroy five planets but even then the 'force' doesn't register a\ndisturbance and billions of lives are winked out - what?? And the **!$#\nwho came up with the worst plot twist ever - kill Hans Solo - what the\nhell?!?<br><br>Graphics and sound effects are really nice but storyline is BORING.\nSave you money do not pay for this\n", "score": "1"},
{"review": "\nAnother Disney movie infested with mistimed jokes (had an Avengers\n2feel to it)... Though, I'll admit, I did laugh. It was an enjoyable\nfilm if you just look at the comedic value and the nostalgia it offers.\nLet's get to the gist here now, the movie lacked consistency,\nseriousness, intensity, emotion, and originality. Pilot's friend dies\nand he busts out a joke after getting captured. Death of the best\ncharacter in this episode was brushed off like it was nothing. Plot was\nessentially the 3 original films clumped into 1. Music was 0/10\ncompared to the other 6 films. Main characters were able to defeat the\nvillain with 0 light saber and force training. \"That is not how the\nForce works!\" Well, Disney made it seem like that wasn't the case.\nFinally, we get the same prequel villain we've bashed for years, yet\nsomehow and some way people LOVE this guy! Temper tantrums, no\nintimidation, and he looks like a mix of Nicolas Cage and Severus\nSnape. Honestly, the positive reviews are simply because the movie\nkisses the asses of blinded Star Wars fans.\n", "score": "1"},
{"review": "\nJ.J. Abrams if this is your fault, you will burn in ****! How could\nyou!?! Take this from a grown up guy who has grown up with Star Wars,\nwho has seen the original movies I guess 30-40 times, how has lived the\nlegend, who has unpacked Christmas presents loaded with Star Wars\nartifacts, who has been running through the woods as Luke and Solo more\ntimes then I can remember, who has cherished the amazing universe which\nis Star Wars, who can recite most if not all of the spine-chilling\ndialoges from the old movies... Oh forget it... HOW COULD YOU! NO!!!\nJUST...NO! This is not Game of ****** Thrones!!! You do NOT have to\nprove anything! Shock and denial... The Falcon is empty... Childhood\nruined... World is empty...\n", "score": "1"},
{"review": "\nWhat else can I say, FabledGentleman said it best and there is nothing\nelse to add. This movie was the biggest letdown and I am sad that I\nspent money to be disappointed. The story was terrible with little to\nno thought devoted to the script. The story line was the same old\nstory, revived from episode 4. No indication as to what happened over\nthe last 30 years. No background info on the characters or who they\nare. The whole movie seemed to be rushed to the big screen for the sole\npurpose of making money. I'm sorry, but this is the Star Wars story, it\ndeserves to be one of the best story lines brought to the big screen.\nAnyone who is connected to this story, needs to bring they \"A\" game. I\nreally hope the next attempt, encompasses all the Star Wars has become.\n", "score": "1"},
{"review": "\nNo vision, no villain, no acting, no script, no imagination, no 'Star\nWars' wisdom, no music. In a word - NO-Movie. There are movies that you\nwatch and you forget about them on the next day. This is not the case.\nThis movie you forget in the next hour and you never want to remember\nabout it. And what is even worse I don't think that they can turn the\ngame in the sequels with this casting. The only good things in the\nmovie were BB-8 and that it finished. If they rename it to \"Teenage\nStar Wars\" than it could make scene. And let someone that really cares\nto make the Start Wars move that each generation deserve. Never, ever\nhave seen such a misleading rating.\n", "score": "1"},
{"review": "\nVery difficult to live up to the original trilogy but this was just a\nbad movie. Big explosions lots of CGI and not much else. The plot and\nscript seemed to be just thrown to together with little thought. Very\nsilly and makes little sense with many comical parts which are so silly\nit's funny for all the wrong reasons. JJ Abrams pulls out many tired\nold action movie clich\u00e9s. Bad corny cheesy dialogue, bad jokes,\nmediocre acting, superficial characters, well I guess this is Hollywood\ntoday. Hate to say it but when the dust and hype settle another Phantom\nMenace. Michael Bay could not have thrown together a more idiotic silly\nincoherent plot and script, which has gaping holes and making any sense\nis not much of a consideration at all. This was like the PG rated\nDisney TV version.\n", "score": "3"},
{"review": "\nIt was a train wreck. Do you people out there really want to see the\nsame plot over and over? The Jedi are MIA. The Galaxy is ruled by an\nevil empire. They have a huge space station that can destroy planets.\nDroid with important info gets lost and is found by the heroes. Space\nstation is attacked and destroyed by the rebels. Sound familiar? The\ndialog was boring and predictable and I didn't care about the\ncharacters. If this movie had been made in 1977 instead of the first\nmovie it would have been a total dud. The only surprise was when they\nkilled off Han Solo, the one character I liked. Star Wars is dead,\nPLEASE let it rest in peace! I will never go to another movie with J.J.\nAbrams name on it.\n", "score": "1"},
{"review": "\nI make it three fourths of the way through this film and cast away all\ndoubts I had about it then they do something I'll never forgive,they\nkill Han Solo,best gunslinger and pilot in the galaxy. Han Solo has\nbeen my favorite character since I first watched the original Star Wars\ntrilogy as a kid,I even had a toy of his blaster. I was hoping this\nwould have been a better movie than the prequels,I'll admit I went in\nthinking it would be just as bad as the prequels,but I found myself\nchanging my mind while watching it,that is until they took a wrong turn\nand Ren kill Han Solo. I never thought that would ever happen seeing as\nhow Han Solo was just as much of a main character as Luke or Leia,but I\nshould have known better I should have known that Disney would find\nsome way to ruin Star Wars. They killed Star Wars for me,I will not buy\ntickets for the next Star Wars movies and I won't buy anymore Star Wars\nmerchandise.\n", "score": "1"},
{"review": "\nFirst review ever but I feel compelled to write after watching this\nmovie last night. No spoilers in the review below.<br><br>The script was poor, too many attempts at one liners that fell flat.\nMany of the lines delivered by the female lead in a deadpan manner. <br><br>There was no plot at all. The director of the movie has crammed many\nscenes but they are too brief and no tension is allowed to build. Every\nthing achieved by the Alliance seemed all too easy. <br><br>Finn, Poe and BB8 were all pretty good and made the best of what they\nwere given in the movie.<br><br>Action is important in a Star Wars movie but it should not be the only\nfeature.\n", "score": "2"},
{"review": "\nWell where do we start with this review?... I guess with my first\ninitial thoughts of WTF! This movie is awful, dreadful, and pretty bad\nto boot. Its like the original star wars was reminiscing about its past\nwhile sat on a park bench with a bottle of wine in a paper bag...<br><br>This movie has nothing of the star wars spirit, in fact it wouldn't\nhave been surprising if Micky mouse was the new bad guy... In some ways\nthis is entirely true...<br><br>So lets call this movie out for what it is... Its just a weak ass money\nmaking machine, serving its corporate task masters, playing on the\ndedication from fans of the original series.<br><br>The only acceptable part of this movie was seeing solo and chewbacca\nback together. I initially wanted to add a spoiler,but then thought it\nwouldn't be fair to people who may actually go out and spend their had\nearned cash on it... save your money, get some friends together to buy\nit on DVD and watch it together, trust me you will never want to watch\nit again..\n", "score": "1"},
{"review": "\nHated it. Was bored in the opening scene and the boredom continued\nthrough to the end. It wasn't Star Wars. Trying to capture the original\nstar wars in 2016 was a bad move that only hurt the franchise. There\nwas little depth to anything force related, there was no memorable\ndialogue, the music was highly unmemorable (snooze John Williams,\nplease retire your best work is done), the only aspect I enjoyed was\nKylo Ren. Snoke, Jesus, don't even get me started on what a failure his\nattendance was. Fans actually destroy their own franchises in the end\nby demanding what they know, and when they get what they know, they cry\nabout it. I for one enjoyed and miss the richness of the sequels and\nbelieve the whole franchise would have been better off under Lucas's\nguidance.\n", "score": "2"},
{"review": "\nEstafa, fraude, fraud, scam, cheat, copy etc. It's only a reboot of IV\nV &amp; VI episodes, made it to accomplish standards of U.N. &amp; Human rights\nin 2016. Boyega's acting it's very superficial, and lacks the clich\u00e9 of\nblack actors comic movies characters \"attitude\". He always broke all\nthe possibilities of realism in the movie. Entire movie and Disney's\ncommercial urges delivers a big, enormous historic failure in the\nindustry, if star wars was buried or almost dying J.J. Abrams take a\njump to a infinite black hole well. I felt every minute: this is bad,\nthis is bad, this is bad, and the sensation continues outside the\ncinema. At first I give 5 of 10 stars because I think like 50% of work\nwas done but I'm realize the work it's only marketing, publishing and\ncreate noise and expectation. The result it's similar when you discover\nthe fraud in small typo.\n", "score": "1"},
{"review": "\nAlmost a direct plagiarism of New Hope. <br><br>Also we're back to the era of incompetent bad guys. <br><br>Do not expect a good light saber fight because that doesn't happen. <br><br>Very little in the way of answers about anything you see. <br><br>Essentially an hour and a half chase scene followed by half hour of\nfighting, but nothing new within the context of fighting. <br><br>Exceptionally disappointing. There has been far better Star Wars fan\nfiction and fan films on a fraction of the budget.<br><br>A major character does not speak a single line. <br><br>Apparently the Star Wars galaxy wasn't big enough for new ideas.\n", "score": "1"},
{"review": "\nEverything bad that's been said about this movie has already been said,\neverything from bad writing, bad plot, bad character development and\nthe blatant plagiaizing of Episode IV and even though I do agree with\nall these points I wanted to talk about how shamelessly Disney has\ntreated the Star Wars franchise. They have turned the precious\nspiritual message of Star Wars into nothing more than a Coca-Cola\ncommercial that's all hype, with zero substance or originality. To the\nDisney Corporation, Star Wars is nothing more than a Happy Meal--just a\nthrowaway product, nothing else. What a complete smiling shame. \"They\npaved paradise, and put up a parking lot\"-Joni Mitchell.\n", "score": "2"},
{"review": "\nIt doesn't feel like Star Wars,very little effects,poor acting,too much\ntalking,it has 2,3 3D effects.I wanted to leave after about 20\nminutes.Don't watch it,it doesn't deserve to be named Stars Wars.I was\nafraid that this might happen,because they could make a movie in two\ndifferent ways.One(invest hundreds of millions dollars and make an EPIC\nmovie),or spend as little as possible,and make BIG money on just the\nname and legacy of Star Wars franchise.In my opinion,they should have\nmade the movie EPIC,and not just to make money from people who love\nStar Wars.I am ANGRY and DISAPPOINTED that i waisted my time and money\nto see this movie.This is the WORSTE movie that i have EVER SEEN.DON'T\nWATCH IT,IT DOESN'T DESERVE TO BE WATCHED.IT IS AN EMBARRASSMENT TO THE\nFRANCHISE.\n", "score": "1"},
{"review": "\nthis movie broke my heart they changed things the main villain is a\ncrybaby,he is not the best villain he is the worst,Han solo dies is\nbull crap and i'm not the only one who thinks this its a damn reboot\nits the story of a new hope just with more tits i will watch one two\nand three then this crap i hate JJ and ford for making solo die and for\nasking for him to die it does not do it for me and i will check out\neight and nine just to see what else they do wrong George man why did\nyou sell you did better then this i will not watch eight or nine i will\nwait for spoilers for them and if i don't like it i will not watch it i\nwill not spend my money on this movie or the others\n", "score": "1"},
{"review": "\nThis is my first public review in 8 years with IMDb and there is a\nreason for this.<br><br>There are enough comments around how bad the movie is. Specifically :<br><br>Bad / uninspiring sound track, poor / unrealistic story line where the\npowerful Empire is made to look stupid, boring visual effects and\ncostumes in the shadow of making them look 'original', casting and\nacting are surprisingly amateur too.<br><br>I went in very optimistically and really tried to like it. I was hoping\nthat even if its o.k , I can throw my fist in the air and tell me\nfriends 'Star Wars is back'. Sadly I wish I did not see this film at\nall.<br><br>I just do not understand the misleading IMDb ratings. Either 'Star\nWars' has an unbelievable fan base or something even weirder is\nhappening ! Beware.\n", "score": "2"},
{"review": "\nI came out of the cinema yesterday thinking that I'd just seen the\noriginal Star Wars film re-filmed with different characters. The plot,\nespecially the critical junctures are 1:1 carbon copy of the original\nStar Wars with some elements of The Return of the Jedi thrown in.<br><br>I don't think I've ever walked away from a movie feeling as cheated as\nI was feeling with this movie. I understand sequels have to have\nsimilar elements to capture the fans but come on. There was nothing,\nabsolutely nothing in the story of this movie that somehow expands or\nbuilds the Star Wars storyline. Even though episodes 1-3 were awful and\nwooden, at least George Lucas was trying something. This was a complete\nand utter rip-off.<br><br>Also, is Snoke Gollum's long lost uncle? And did the Force Awakens\nsteal the Moon Nazis from \"Iron Sky\"? Totally out of character visually\nand otherwise.<br><br>I now know why Luke Skywalker was looking so perplexed at the end of\nthis movie. He was thinking \"how the hell can I carry this miserable\nplot on from here?\"\n", "score": "3"},
{"review": "\nWarning there may be the odd spoiler.<br><br>It is simply a poor remake of the original Star Wars movie from the\n1970s pretending to be something new. In this respect there has been\nabsolutely no creatively. They took the original story and messed about\nwith it and made it far worse. <br><br>Very poor and shameful use of the original characters. <br><br>The outcome of the final battle is so predictable that nobody will care\nwhen the death star on steroids is finally destroyed. There is none of\nthe excitement and exhilaration of the original. <br><br>The villains are a poor shadow of the villains of old. We still have\nthe same tie fighters, x wings and star destroyers. Apart from a new\ncute Disney robot, nothing new has been created for this movie.\n", "score": "1"},
{"review": "\nWhat you find in this movie:<br><br>- A mix of SW topics <br><br>- Silence or small talks with no sense (C3PO verbiage is lost) <br><br>- A remix of the 3 first movies <br><br>- Poor history copy/pasted from previous SW movies. Even the new 'bad\nboy' wears a mask, apparently with no other reason that to look like\nDarth Vader. <br><br>- Lots of explosions and digital effects <br><br>- Previsible, you know what is going to happen next every minute of the\nmovie <br><br>- Lots of explosions and digital effects again, and again<br><br>The only thing I liked was the old characters appearance, but even this\nwas point poorly made, almost no text, Solo/Leia discussions are lost,\nand the new characters have no character, like the animated ones from\nNemo or The Little Mermaid.<br><br>It looks like today a movie is made around digital effects, and decades\nago this digital effects were only a way to spice a great\nhistory/acting/direction.<br><br>The worst thing they have done with this movie: they SW mojo is lost.\n", "score": "1"},
{"review": "\nIt did not have any new content.Lazy done. Remake, and very cheap. I am\nsure Disney will try and relaunch the whole Star Wars again, with\ncheaper actors. I am not going watch another star wars again after this\none. Waste of my $20. I think the movie has fallen to the wrong hands,\nand the producers will not be able to live up to the old fan's\nexpectations. As a movie alone without even mentioning expectations,\nthis movie still fails to impress an average viewer. The only reason I\nthink this movie got anywhere near an 8 is because of all the hype. The\nstory line is missing, the actors barely have any connection with the\naudience, in exception to few old ones. In conclusion, this movie is a\n6.5 without minding that it is successor to Star Wars, but the fact\nthat it is a Star Wars this actually deserves a 0 out of 10.\n", "score": "1"},
{"review": "\n. I think it's possibly the worst film I've seen. A complete carbon\ncopy of the first film. How JJ Abrahms had the brass neck to accept a\nwage for that, I don't know. The storyline is scant at best. An effort\nto try and hide that it's a rehash of A New Hope, I suspect. The\ndialogue sparse. The characters are shallow and unappealing. And the\neffects ain't nothing to write home about either. What makes it a\nmillion times worse is that Disney/Lucas ignored brilliant stories from\nStar Wars Universe. Also to make sure they didn't eat into their\nprofits they stifled the Star Wars Universe. Once they bought the name,\nthey stripped the right for authors to write new books. I'm sorry. My\n12 year old daughter writes better stories than this. I found myself\nshouting \"I saw this in 1978\". The film is an utter disgrace. If that\nis Disney, for the love of God get it back in the hands of toy seller\nLucas. I'd even rather Jar Jar over that shower of vapid, shallow,\nno-character characters.\n", "score": "1"},
{"review": "\nI was expecting a lot more. Wasn't expecting something perfect, nor\nfeeling the same way I felt with the original trilogy. But THIS has\ngone too far: if they only intended to sell lots of silly ball-robots,\nthey could have warned us. The plot, childish and a total remake of the\nIV movie. The acting mediocre. Kylo Ren and Finn are maybe the two\nworst characters... although Leia is close enough. One point out of ten\nis maybe too low, I know: if this had been a completely different\nmovie, the scoring would have been better, sure. But I have got two\nreasons for voting this low: first, my expectations, utterly betrayed.\nSecondly, with the characters coming from the old trilogy, the plot,\nall the feelings people had... it is difficult filming something this\nbad. And JJ... I have no words... no words: my first review ever in\nIMDb thanks to you. It's 3:50 a.m. and I go to bed in a very sad mood.\n", "score": "1"},
{"review": "\nI just came from cinema,and felt the necessity of write some\nlines,because I felt insulted. That's the true.<br><br>This \"new\" movie is a mixture of the first trilogy with nothing new. I\nhave read some critics that list the similarities,so i'll obviate\nthat,but i have to say something about the part when they discuss the\nattack plan: the planet-weapon has the same weakness as the\ndeath-star,the same! I mean,we are not that stupids. Have some respect\nfor the public,for god's sake! Even in the movie they said \"it's\nanother death-star\".<br><br>This was sad. You had a lot of material from the expanded universe to\nmake a great movie,an epic one. Instead,you have done a really bad\ncopy.(Seriously, I have played star wars games with better plot) <br><br>I'll put this film the worst rate possible,because it has ruined maybe\nthe greatest movie saga of all times.\n", "score": "1"},
{"review": "\nI was eager to see the new Star Wars film. I even love the prequels.\nWhen I watched the \"Force Awakens\", I felt that the director\nunderestimates my intelligence. <br><br>The movie has no story whatsoever, the female protagonist is there just\nto please the feminists and I rarely see a movie trying so hard to be\npolitically correct. I mean seriously, with zero training she could use\nJedi mind tricks and beat a guy trained in the Jedi ways. <br><br>I watched a whole Star Wars movie and I don't even feel I explored the\ngalaxy at all. No emotions, no excitement, nothing. Only Disney jokes\nand fast paced nonsense. <br><br>Please give me my money back.\n", "score": "1"},
{"review": "\nTotally disappointed. Wasted my money. If you have seen the old series\nyou will be utterly disappointed. Nothing to do with it. Plot absurd\nand I 'd say practically inexistent. I really can't figure out what was\nit all about, what have I watched. The old stars looked quite... old\nand exhausted, while the new ones had no talent at all. The whole film\nlooks like a parody of the old series. Or is it exactly it and I have\nnot figured it out? Can not find anything positive. Even the graphs\nwere not impressive at all even if the technology is supposed to have\nadvanced nowadays. On the other had I may have grown up.... Maybe\nthat's the problem. I don't know. Maybe kids will find it more\ninteresting than me.\n", "score": "1"},
{"review": "\nWarning spoilers<br><br>In ESB Yoda asks Ben Kenobi \"Will he (Luke) finish what he starts?\"\nAnd, of course, he doesn't.<br><br>Fast forward to TFA and we learn that Luke tried to start a school for\nJedi, but it never worked because of one student. So, what did Luke do?\nHe dropped out and ran away leaving everyone else in the lurch. Sounds\nto me as if Luke has a very serious character flaw. So, why should I\nwant to see more about this quitter? Answer: I don't.<br><br>What else is wrong with TFA? What isn't? How about the fact that Darth\nVader was a worthy villain but who replaces him? A spoiled brat who\nthrows temper tantrums with a light saber and can't let go of his\nteenage angst. What a comedown.\n", "score": "1"},
{"review": "\nIf you think that the first three episodes are mediocre just wait to\nsee this one. It is boring sequence of actions without any life in it.\nThe only actor that actually get his role right is Harrison Ford, which\nis no surprise for him, but the rest of the cast is just plain awful.\nPrincess Leia is old and there is no life in her acting. The new faces\nare far away from the convincing characters they were supposed to be\nand this is especially true for Kylo Ren. Man I was picturing Eddie\nRedmayne in this role, I think it was written for him. However we got\nsomething which is not convincing at all. One suggestion for the\nfuture, please try to act like you mean it. Not that you make this for\nthe money.\n", "score": "2"},
{"review": "\nI'm a big Star Wars fans, I've seen all the movies, all the video\ngames, toys, all the clone wars cartoons, books, comics. <br><br>I'm not going to go in details. But the movie felt unnatural and\nforced. The plot was a remake of episode 4 with some sprinkles of\nepisode 6. Kylo Ren is a pathetic villain and that's the fault of Adam\nDriver, they chose the worst actor for that character. The movie es\nfull with plot hole. At least, the prequels which were bad movies had a\ndecent and coherent story line, this TFA was an abomination. But really\nI agree pretty much with all the negative reviews. Thanks, Jar Jar\nAbrams you did it again.\n", "score": "1"},
{"review": "\nThe build up to this movie reminded me of the media hype surrounding\nJurassic Park (1993). I was wondering when they would try it again. I\nwent to see it anyway because it was getting rave reviews from\neverywhere else. <br><br>This movie is all \"car\" chases, explosions and fights. I can only\nsuppose that it's a trailer for a soon to be released XBox game. <br><br>There was no attempt to engage the intellect at any stage. Even the\nspecial effects looked dated. This is one science fiction movie that\nlacks imagination.<br><br>It's scary that marketing can make a movie look so attractive when it\nis just an empty shell.\n", "score": "1"},
{"review": "\nA big disappointment. More like a remake. Father and son meet in the\nmiddle of a station (bridge), a new Hedi realizes she is strong with\nthe Force and learns how to fight and use it in like 5 minutes.<br><br>Sueprhero master and a full time drama queen is in exile. The villain\nis the silliest villain ever. The emperor is ugly and remote as always.\nA silly ex-stormtrooper, who never touched a light saber survives in a\nduel against a trained Sith for more than 2 seconds. Cute droid,\ninherits its cuteness form the old dog R2D2. Family relations are\ndisplayed at the usual rate. Family members are always in the business\nand all the characters are relatives. Empire blows up a planet. Rebels\nblow up big structure. End of story, written by a retard.\n", "score": "2"},
{"review": "\nThere are plenty of YouTubers who have exposed this movie as being a\nlow-quality rip off of many other great movies which won't be mentioned\nfor the sake of avoiding spoilers. This movie is unoriginal and\nterrible compared to the original Star Wars trilogy. I would even\nrather watch The Phantom Menace, Attack of the Clones, and Revenge of\nthe Sith than this garbage.<br><br>This movie is just a remake of older movies which were much better,\ncoupled with a nauseating dose of political correctness to appease\nsocial justice warriors and their various special interest groups.\nPolitical correctness is no substitute for original thinking and new\nideas. The media industry just repackaged ideas from other movies which\nwere older and better in political correctness, slapped a \"STAR WARS\"\nlabel on the product, and are now hoping to milk the STAR WARS\nfranchise for money while they ride it into the ground.<br><br>I'd give this 0/10 if that was possible. This movie is a disgrace to\nthe \"STAR WARS\" name.\n", "score": "1"},
{"review": "\nDon't bother with this garbage: it's just a bad ripoff of the very\nfirst star wars movie.<br><br>A Chinese manufacturer would have done a better job in copying a movie,\nthrowing it a bunch of CGI graphics, and adding some new characters\nwould absolutely no explanation where they came from.<br><br>And all with a purpose of finding an old character who could save the\ngalaxy or something like that, only to be found at the very end when\nthe galaxy was saved already.<br><br>If you are in to waste 2 hours of your life watching a poor copy of a\nmovie you've already seen you just found it.\n", "score": "1"},
{"review": "\nCompletely recycled story, this movie is really a remake of episode 4.\nRey she's technology wizard, learns to fly the millennium falcon in 5\nminutes with no prior flight experience unlike Luke who was already\ntrained as a pilot, she also learns to use the force with no prior\nforce experience after just being told about it uses mind tricks which\ntook Luke several years to learn to do. Not only that she also kicks\nthe ever- living crap out of Ren with no prior jedi training at all\ncompared to Ren that has experience of both the light and the dark side\nof the force.<br><br>Leia Should have gotten way more screen time!<br><br>Ren he should be renamed Darth Emo.<br><br>It's a decent movie nice effect but it completely butchers the star\nwars lore. What really sells this movie is the star wars name.\n", "score": "2"},
{"review": "\nOh how I miss the style of that awful film called 'The Phantom Menace'.<br><br>This film has no style. It looks like a joke. Like fan fiction with a\nbig budget. Like a Christmas Special Star Wars reunion on the set of\nSpaceballs and with villains from Harry Potter or Dr Who. I just don't\nknow what to say. I won't even review the plot (which is a total\nrip-off of the 1977 Star wars), the acting or the direction. <br><br>This is a joke. Unwatchable garbage. You know which character I liked?\nThat little robot that follows them around. That's it. The rest are\nuseless.<br><br>And no, I do not appreciate even more of that 'girl power' nonsense\nthat is still being shoved down our throats. <br><br>I give these 'Star Wars' zero stars.\n", "score": "1"},
{"review": "\nThis movie ruined the whole franchise for me, why would I go to see a\nStar Wars movie without any Jedi knight? <br><br>In the future why would I go to see Star Wars without Han Solo! <br><br>who convinced you that making a new beginning means that you should get\nrid of the main elements of the story, why would any hardcore fan enjoy\nthis movie anymore<br><br>This movie is OK only for people who wanna see a Sci Fi action movie,\nbut not Star Wars<br><br>Thanks a lot for ruining a movie ! waited for since more than ten\nyears!\n", "score": "3"},
{"review": "\nalthough a very easy film to watch as a star wars fan; it was all too\nsimilar to the previous movies lacking any creativity or imagination\nwhen it came to the storyline thus making it hugely predictable. The\nreason why its so popular is because it is similar to the popular\ntrilogy; people nowadays just want to watch something they are familiar\nwith I guess. What's worse is that the main villain looks like some CGI\nguy from Lord Of The Rings and the subordinate villain didn't strike\nany fear or authority like Darth Vader or the Emperor did from the\noriginal trilogy. This movie actually made me appreciate George Lucas\neven more for his creativity on the Episodes IV-VI because this new\nmovie lacked that completely. <br><br>Coming on to positives; I thought Daisy Ridley played her character\nreally well and no doubt outclassed the others, the action sequences\nwere good and just in general; the nostalgic feeling of watching a Star\nWars film was in itself a reason for giving it some stars.\n", "score": "1"},
{"review": "\nThis is awful, I could not believe my eyes, I left the cinema sad,\nfrustrated and disappointed. Such a bad plot (in fact a copy of old\nepisodes), no story, no star wars feeling, where is star wars in this\nmovie? <br><br>I will have to watch the old episodes asap to refresh my star wars\nlove. <br><br>Advice to all star wars fans: don't even bother if you didn't watch\nthis episode, you won't miss anything.<br><br>It is not a sequel, this is blatant remake and badly done, boring and\npredictable. A few good words which someone else said: \"unimaginative,\ncheap, no fantasy, lacked vision\"<br><br>If you want to watch star wars watch the old episodes, they are all\ngood, this one is really bad.\n", "score": "1"},
{"review": "\nPeople asked, \"how was the movie?\" Well, my wife slept through some of\nit,and I stepped out to use my cell phone.\" It was incredibly boring\nand mediocre: episodes 1-6 were much better than this. Episode 3 blew\nepisode 7 away. It's as though Disney put forth the least amount\nproduction effort in the movie after acquiring the franchise and is\ncounting on the cult status of the franchise to drive ticket sales;\nunfortunately it appears to be working.<br><br>If you have read other reviews that state this is a regurgitation, or\nreboot, of a previous episode; they are not wrong. This movie lacks any\nnew story line for us to enjoy, and the new characters are weak and\nunderdeveloped. I didn't care if any of the \"good guys\" lived, or died.<br><br>Again, very disappointing. We can't recommend this movie\n", "score": "2"},
{"review": "\nTo be honest i think it deserved a 5 star rating. But after all this\nhype and stupid fanboy (and probably studio paid human bots rating) i\nwanted to balance this crap of a movie out. This doesn't deserve to be\ncalled a Scifi because there is no science in this one. Its the worst\nStar Wars Movie by a mile. The plot is totally ridiculous - a droid\nhiding a map is hunted by the bad guys - seriously? You can't be more\nunoriginal and uninspired then that. So boring and so predictable like\na weather report. The acting is a joke - except Harrison Ford who is\njust doing his job. The dark side has been turned to a bunch of high\nschool pricks. The stormtroopers look like some kind of ducktroopers. I\nguess they made them completely rounded so every toy company can easier\nmake all the plastic trash they want to sell. And then there is some\nbam boom bang and some 3d effects - but again nothing special - easy to\nforget. I think after the hype has settled even Albrecht will admit\nthat this is a epic fail.\n", "score": "1"},
{"review": "\n*** This review may contain spoilers ***<br><br>THE BEST PART IS THE SPEECH OF Luke SKYWALKER...<br><br>What I liked in Star War original, was that it was trying to stick to\nour knowledge on space and science only the force was bending the limit\nof physics.<br><br>*********** MILD SPOILER **********<br><br>But this last opus shows that Leia still have the same haircut, That we\ncan see space through sky... and worst, that the New Death Star 3.0\nemits laser beam which conveniently travel faster than light and that\nthis same weapon drains the power of a sun and convert it to power beam\nwith the help of an oscillator... no... seriously...<br><br>Star Wars is going from modern Epic to ''comedia dell'Arte'' for\ndummies.<br><br>Daisy Ridley was nice/good however.\n", "score": "2"},
{"review": "\nI was so pumped up about this movie looking at the reviews. This is the\nbiggest disappointment in a long time, and we're completely deceived by\nthe mass marketing, cattle thinking out there. The plot was a rehash\nbut in a less believable way. Use of \"Force\" mostly absent and\nnonsensical. Fin and a few other characters are just ridiculous. I wish\nI would go see it again but with super low expectation and I'd laugh my\nhead off. So many times I thought to myself that the scene or\ncharacter's reaction didn't make any sense. How in the world can this\nbe rated this high? Only positives: some gorgeous landscapes at the\nbeginning in the desert. How did J J Abrams nail Star Trek so good and\nthis one is so bad?\n", "score": "1"},
{"review": "\nJust as I expected.<br><br>This trash could not be done by just one idiot, so there was big team\nof idiots trying to be creative.<br><br>They mixed up parts and scenes from previous Star Wars movies in one,\nbig, ugly s*** sandwich. This is beyond words.<br><br>Half baked western inside of sorry excuse of space opera with all\npolitical correct nonsense makes any thinking person sick.<br><br>It is like somebody pushed all previous movies in blender and spilled\nit in toilet on gas pump in some bar south of Tijuana.<br><br>What is IQ of people that came up with this, whatever it is, it is not\neven decent B-movie. <br><br>Acting is poor (when one can notice it), corny dialogues, clumsy\nattempts of political messages, and there is not one single thing which\ndeserves passing grade.<br><br>I see that lot of viewers liked it, and I am sad for those people.<br><br>My God, what have they done to them?\n", "score": "1"},
{"review": "\nThis must have been the most awaited movie of all times, and Disney\nmanaged to mess it up. When the first Star Wars movie came out it was\nan innovation both from a plot perspective and a visual effects one.\nThis installment is just one of the many average movies out there. But\nthis isn't the worst part about it. The main issue with it is that it\nmanaged to destroy the entire premise of the Star Wars universe, The\nForce. Throughout the other episodes the amount of effort and\npreparation involved in being able to wield the Force has been\nrepeatedly brought up. The Force was strong with both Luke and Anakin,\nhowever neither have been able to control it without intense training.\nYet, in a time where jedis are almost extinct and just a legend, Rey,\nwho first learns that the Force is real two hours earlier, and has\nabsolutely no training, is able to defeat a trained disciple of the\ndark side(even if the training was not complete, he was still trained\nby Luke and the supreme commander). Shame, Disney!\n", "score": "2"},
{"review": "\nthis is my first review i watched this movie at cinema yesterday it\nreally deserves a review I don't know what to say .. this movie is\ngarbage .... i watched all<br><br>star wars movies and i loved them but this one is really a garbage .. i\ncant believe that jj abrams directed this movie .. directing ,storyline\n, Acting is amateur at its best .this movie supposed to be an action\nmovie but its not its a comedy movie ... I wish i can take my money\nback ... don't watch this movie in the cinema wait till its released on\nDVD . Thank you jj abrams for this stupid silly boring movie .. this\nmovie should be banned from cinemas and internet and dvds too ..\n", "score": "1"},
{"review": "\nA complete copy and pasted story from A New Hope, except with Disney\nglitter, SJW characters, paper thin plot, gaping plot holes, tired\nclich\u00e9s, an 100% unbelievable Mary Sue heroine, an emo joke of a\nvillain and wooden acting thrown in. <br><br>The camera work is awful, 90% of the shots are shaky, spinning around,\nor panning for no reason. The score is completely unmemorable. At least\nthe prequels had good music.<br><br>On screen Harrison Ford looks like hes sick and tired of this farce\nandhe's 100% right.<br><br>The only people who will enjoy this film are 1)tweens who don't know\nany better and 2) blind fanboys immune to every flaw there is.<br><br>The movie tries nothing new. The plot is safe. In trying to please\neveryone, Disney succeeded in making the most sterile film there is. It\nis cardboard; dipped in starwars jam.<br><br>Don't waste your money watching this\n", "score": "1"},
{"review": "\nThis film is stupid. Really. First of all because it is not the episode\nVII, but a remake of episode IV. So, wrong promise. Moreover, the\ncloned plot is inconsistent, banal, with teen-like dialogs and worst\nsith enemies ever: an hysteric boy not so good with light saber and a\nbig Voldemort. The genius of JJ has also added a clone of the Hunger\nGames girl, just because it is a trend. This is my first review here,\nbut I felt necessary to share the opinion of a fan. For sure, I will\nnot watch the next movie, I simply do not care of this new reboot, of\nthe story of these characters and I will not give my money to the \"New\nOrder of Disney\" - this should the action that all the deluded fans\nhave to take to deliver a clear message\n", "score": "1"},
{"review": "\nI have never written a review before, but I felt so much disappointed \r\nafter seeing episode VII, so couldn't stand my hand.\r\n\r\nEpisode VII was nothing but repeating episode IV 1:1 as follows: we \r\nhave new Darth Vader (guess who) we have new DeathStar (just bigger) we \r\nhave new wanna_be_a_jedi_knight... (guess who) we have new emperor \r\n(guess who) the entire plot was repeating itself and there is nothing \r\nmore to say... I've really expected something new, something \r\npromising.... something that made Star Wars a LEGEND!!!\r\n\r\nLet's hope Episode VIII will bring everything this one didn't ...but \r\nnot just take my money!\n", "score": "1"},
{"review": "\nI've loved Star Wars since childhood, and I was looking forward to a\nnew film, but having watched \"Force Awakens,\" I really wish this wasn't\nthe \"new\" Star Wars. This film is at best Lazy, and at worst a work of\nplagiarism. Star Wars VII pulls so hard from the original 1977 Star\nWars to lack any personality of its own. It has little (to no)\ncharacter exposition, and the paper thin plot is served up with a\nhealthy dose of political correctness. The acting is almost non-\nexistent (replaced mostly by the occasional cameo or forced bit of\nhumor). Disney, Lucas film, and Abrams should be ashamed for creating\nthis pandering piece of garbage, but Star Wars fan should be more\nashamed for supporting it. <br><br>BOYCOTT VIII!\n", "score": "1"},
{"review": "\nI've seen a discrepancy between the grade of 8.4 and the mass of bad\nreviews but still decided to go and watch it. Should have donated to\nwikipedia instead. Just trust those who tell it feels like a weak\nremake. There are almost no new ideas here just the same rehash of the\ngood ideas and visually very similar shots from the first two films\nwhich becomes now a clich\u00e9. Bad father - good son or vice versa, death\nstar but bigger, scenes in an alien pub, scenes in the desert, scenes\nin the mountain terrain with snow. Lots of explosions and flying,\nspecial effects OK as usual. Very few jokes, one or two good ones. The\nacting is wooden. All the gender, race issues checked in but with weak\nacting do not look believable. There is something fishy with the 8.4\ngrade, even assuming the wave of fans. Mechanical turk?\n", "score": "3"},
{"review": "\nvery disappointed. The plot was very simple and the cheesiness was over\nthe top. <br><br>A janitor fights stormtroopers and wins a lot more than he should, he\nalso fights kylo ren and survives. <br><br>Rey becomes a Jedi master in 4 days.<br><br>Republic just died and they suck.<br><br>Another damn death star? I mean Disney really can't come up with\nsomething NEW? CRAZY.<br><br>The Republic has NO army and the First Order does, what else is new.<br><br>KOTOR&lt; KOTOR 2, SWTOR All have MUCH MUCH better plot lines than SW 7<br><br>Why didn't they make it of a republic which is actually well\nestablished with a decent sized Jedi order that all the sudden faces\nthe remnants of the empire with Jedi defectors or something? I mean\nThis is one of the FEW sagas in which you really can't run out of\nideas, but to recycle old ideas is an insult to George Lucas, the fans,\nand the saga.<br><br>Disney should go back to making princess movies if it's going to be\nproducing utter garbage.\n", "score": "4"},
{"review": "\nBoring play, boring story, apathetic Harrison Ford.<br><br>Special effects are not on par with modern sci-fi, more like something\nfrom the 80's, not even sure why they made it 3d, absolutely no point\njust some cheap laser shots flying around.<br><br>If you like movies like Prometheus, Man of Steel or District 9 then you\nwill be really disappointed. One thing I do not understand is how a\nmovie like that can possibly get such a high ratings, makes me think\nsomething is fishy here.<br><br>Believe me when I say this: skip this movie and better watch Edge of\nTomorrow again instead.\n", "score": "1"},
{"review": "\nIt's a trap! The siths made this film for making us hate it, and turn\nto the dark side. <br><br>Some advices: don't watch it or if you did try to forget this.<br><br>After I watched it at the cinema, I felt like something wrong happens\nto me, so when I got home I watched episode IV, which is the same like\nepisode VII, but made by true jedies.<br><br>But it had some good things:<br><br>1. the droid, BB-8, was cute.<br><br>2. we could watch our favorite characters older, which is a good idea,\nbut, J.J. could do this better, you know what i mean if you saw it.<br><br>Well, this is my opinion, I hope it was helpful to you.<br><br>P. S. : Are critics so stupid and dumb to name it a classic, best SW\nfilm, best film of the year, etc? Or maybe they are sith lords too.\n", "score": "1"},
{"review": "\nSo I guess IMDb took some money to keep the rating high for this s#itty\nremake. What a s#itty world. You can trust no one. Only yourself. Make\nsure you realize that, or your life will always be one big S#IT! So now\nwe are all going to wait for the next big lie. Episod 8, but we already\nknow that it will be a remake of the Empire Strikes Back. And after\nanother year at the end of Episode 9 Rey will probably stay strong at\nher last great battle vs Kylo Ren and she will bring him back to the\nlight side of the force. And the ghosts of Luk, Ben Kenobi, Joda and\nDarth Vader will be watching them in rapture while the sun slowly sets\nover the s#itty copy/paste planet Endor. S#IT\n", "score": "1"},
{"review": "\nSomeone tells me what faeces of movie I just saw with the title Star\nWars? They killed Star Wars now for ever thanks to director JJ Abrams\nof faeces that he made. He must had to be arrested and fined and\nprosecuted as well as Disney the monumental faeces they did to the\nsaga. What else awkwardly unsalted soulless without anything hollow and\nempty only in order to sell the faeces of the puppets that not fold its\narms in the area of the elbows and knees. Today I have died along with\nHan Solo. Sorry there but faeces hell to JJ Abrams. And thank you for\ndoing wasting my time in about 3 hours of some piece of faeces that\nI've been seeing in 3D.\n", "score": "1"},
{"review": "\nOh my what a stinker hard to tell what so many people saw in this\nespecially if they grew up with the franchise(original was 5th grade\nfor me). I wasn't happy with what Abrams did with Star Trek so I\ndreaded this quite a bit. While he didn't play fast and loose with\nLucas universe he did nothing original and almost exclusively borrowed\nbits and pieces and cobbled them together from the old movies A bad\nDarth Vader clone, a bad Emperor clone, a bad death star clone, a\nweeble for a droid. The plot had no depth to it and although your in\nanother time of the universe you get no back story on how this got\nwhere they are. The plot would have been far more interesting if it had\nrevolved entirely around Luke Skywalker's disappearance and a mystery\nin finding him while more original villains thwart them. Yea Lucas's\nPhantom Menace was a stinker too but this first movie doesn't bode well\nfor any to follow. Someone will put it on torrent don't bother to waste\nyour time even stealing it.\n", "score": "1"},
{"review": "\nIt would of been nice if it was advertised correctly, as a remake of\nthe original Star Wars film. But I guess they wouldn't of made as much\nmoney that way?<br><br>It's essentially a more child/teen friendly version of A New Hope.<br><br>It's exactly the same story and character types, but with cheap\nattempts at humor and instead of a badass bad guy (darth vader) you get\na bratty kid who has temper tantrums (kylo ren).<br><br>It bought nothing new to the table and didn't progress the story in any\nway.<br><br>We still have no idea what the main characters have been doing the last\n20 years.\n", "score": "1"},
{"review": "\nStar wars! big movie! I watched the new Star wars movie today. all the\ncommercial.. just sat there in the cinema...so excited...waiting...and\nnow it started, me thinking \"This will be great:)\" but no it wasn't\n:(... There was no depth in this movie, to much rushing and bad actors.\nNothing happened really, it was to easy. Snoke who is that? he just sat\nthere...and how did this happened? no plot..and Mark only a 30 sec\nscene what the hell? Seems like we are missing a part,like a movie\nbefore this one...a big hole, what happened to Rey, what was she\nwaiting for? family? what happened to her family? so many things are\nmissing. I mean who are these people?!:O<br><br>We need more information:)\n", "score": "2"},
{"review": "\nI was so looking forward to this. The only word I can use to describe\nthis movie is \"SHIT\". I have been an episode 4,5 &amp; 6 fan all of my\nlife, I will never watch another. I can't take any more disappointment.\nNw I have to write 10 lines to submit this, but for the respect of 4,5\n&amp; 6. I can't, because only negative thoughts come to me about this\nmovie. Rubbish! Map to LukeSkywalker? What a load of crap. Rubbish!\nDoes JJ accept that this was as bad as it was? Are we going to get our\nmoney back? Are we going to get the weeks and weeks of excited\nanticipation back? Was it written by a child? I could go on with\nsomething more intelligent, but this movie only deserves the insults\nthat it gets, because that how I felt while watching it..... Insulted.\n", "score": "1"},
{"review": "\nI am a huge Star Wars fan. I loved all 6 (yes even the phantom menace,\nattack of the clones and revenge of the sith) movies. I went in with an\nopen mind and even lowered my expectations because I knew this couldn't\ndeliver on the massive amount of hype it had. However, this film was an\natrocious excuse for a star wars film and proves that J.J. Abrams is a\nhack that has no idea what he is doing. Any tiny bit of originality you\nfind in this 2 hour, boring, rehash of the first film is really\nunderwhelming at best. Apart from a few actions scenes that were kind\nof cool and some decent practical effects. The CGI and motion capture\nin this movie is worse then episode 1 by the way. There is very little\nto like here. Let's hope new directors can fix this mess by Abrams in\nthe spin off films and 8 and 9.<br><br>New thoughts- I saw it again for the 3rd time and I like it now, so\ndisregard everything above. It ain't a perfect movie, but I still think\nit's good and I can't wait for Rogue One and episode 8.\n", "score": "7"},
{"review": "\nI just watched this with my daughter and have to agree entirely with\nDavidMezies' review. I am old enough to have watched all the Star Wars\nfilms on their release and I found this to be a dumbed-down,\nsuperficial, trite and clich\u00e9d travesty.<br><br>My (obviously much younger) daughter has seen all the preceding films\nand also found this to be a real disappointment.<br><br>No doubt any SW fan will have to watch it, but please don't expect\nanything from it except a shallow, regurgitated re-hash of the original\nstory - with none of the depth that episodes 4-6 exhibited.<br><br>The only saving graces of this movie relate to technical merit, such as\nwonderful cinematography and location shooting, some reasonable effects\nand little else.<br><br>I'm desperately hoping that the final two episodes manage to\ndramatically improve on this abysmal effort, but definitely not\nexpecting that hope to be fulfilled.\n", "score": "4"},
{"review": "\nSometimes you wonder if critics are not paid by Disney. I am not an\nanti-corporate guy and I did not have crazy expectations for this\nmovie. But...<br><br>You cannot make a sequel by replicating the same story all over again.\nThis is unacceptable. Have the scenarists received money to do this? I\ncannot believe it.<br><br>The fans have brought so much imagination imagining some exciting\nscenarios, but Abrams went for a \"No Chance taken\" plot that was so\ndisappointing. There is nothing in this movie. No Sci-Fi imagination,\nno emotions (even the hero's death is failed).<br><br>OK the new actors aren't too bad, apart for when Adam Driver takes off\nthe mask and Harrison Ford gives us a real performance. But that's\nabout it.<br><br>Seriously this movie is a 6. How can people here be satisfied with the\ntasteless soup they saw???\n", "score": "3"},
{"review": "\nOther than a few good moments, it's he same old same old of recent\nyouth-oriented movies: human and spaceship chases, fights, explosions.\nA video game and thrill ride set up. We get lot of marching storm\ntroopers, actors, the obligatory alien bar scene. There's none of the\ninteresting characters, touches of humor, or drama of the original. To\nsee Harrison Ford and Carrie Fisher be interesting, watch their TV\ninterviews, not this. The other actors lack appeal. Even if it wasn't a\nrehash of the firs few episodes, it would lack appeal. In comparison, I\nliked the Bond movie Skyfall, and all Hunger Games films much more than\nthis. Caprica and Battlestar Gallactica are also much better.\n", "score": "3"},
{"review": "\nI understand that Disney spent big time just to obtain the rights but\nplease a nut-less monkey could have done a better job than J.J.<br><br>I was and still am a huge Star Wars fan. This movie is unfortunately a\nremake/reboot of the original. It would not have been an issue if it\nwould have been an original story but they didn't even have the decency\nto come up with something. They reused everything from the original.\nIt's like the Turkish Star Wars. Fans will know what that is.<br><br>I watched the movie with my wife and a few friends and God do I regret\npaying for the tickets. I almost fell asleep. <br><br>Spoilers ahead!!!<br><br>First of all Darth Vader was a likable character in whom you could see\nthat he could turn back to the light, with this new kid, Han's son, he\nis just pure evil. There is nothing likable about him. Darth Vader\nnever started anything so what would this Kylo Ren finish? I don't get\nthat. There are many stupid things that don't make sense. <br><br>I wish I could unsee this catastrophic movie.\n", "score": "1"},
{"review": "\nI am a bit ashamed to say this but I felt very bored to this dull\nnarration of disconnected scenes. Not sure if anybody felt this way but\nI went to movie theater expected a lot but I was disappointed. But it\nlooks like many kids are liking this including my son. He gave a rating\nof 7 out of 10. Probably this movie is made only for kids. <br><br>I never wrote any negative reviews before but I could not resist this\ntime after coming back from theater.<br><br>1. did not like giant new villain 2. did not like the way Han solo died\nsimply. 3. Did not like the story with unnecessary suspense which is\nnot built correctly. 4. Not sure why story writers and directors miss\nsome good imagination. 5. Did not like the way Han Solo and princess\nLeia are portrayed. 6. Did not like editing job of the movie leaving\nlong boring scenes those are unnecessary.<br><br>Now I wonder why this movie got all these good ratings. Just hype due\nto promotions or all are waiting for another star wars movie and ready\nto take anything that comes?\n", "score": "1"},
{"review": "\nThe film invalidates all classic trilogy's events only to be a remake\nof A New Hope. After 30 years since the events that occurred in the\nprevious films (chronologically), things remain the same:<br><br>1 - Once again there is no longer a Jedi in the galaxy 2 - The Empire\n(now under another name) is still stronger than the rebels / New\nRepublic 3 - A former Jedi disgusted switched sides and throw the\ngalaxy in darkness<br><br>Here, the director JJ Abrams (who had already made a \"tribute film\"\nthat disregards the previous events in Star Trek) reform A New Hope\nwith even more mistakes than the original, between incoherent\ncoincidences and and trivialization of the use of Force, the director\ncan deliver a nostalgic film, very beautiful and well done technically\nand even with good performances and characters that emulate the older\nprotagonists, but that does not risk to be authorial leaving this\naudacity only to be dishonest with what was presented previously yet he\nbrought the classic main characters to give a familiar\nexperience(Exactly like Leonard Nimoy)\n", "score": "1"},
{"review": "\nGod i hate this film with a passion. Disney has ruined Star Wars big\ntime. It was worse than prequels. Hell, it was even worse than Marvel\nmovies. JJ Abrahams has killed Star Wars. They should have hired a\nworld class director like Zack Snyder (God bless him). <br><br>It's the definition of a blockbuster. Terrible plot, CGI porn, bad\njokes. It's so bad i almost walked out of the room. Not to mention it\nisn't even original. It's pretty much a remake of Ep IV.<br><br>Lightsaber battles were lame. Villains sucked. The best thing of the\nwhole movie was actually the Batman v Superman trailer. That was epic\nand people clapped. Not so much with The Farce Awakens.<br><br>Easily one of the worst movies in cinema history. <br><br>RIP Star Wars.\n", "score": "1"},
{"review": "\nThis review DOES NOT contain any spoilers. So please don't downvote me\njust because my review is short or doesn't seem \"helpful\".<br><br>This is more a warning than a review. If you don't want to destroy your\nfeelings for Star Wars, don't watch this movie.<br><br>Q: Why do I give this movie a 1? A: Because I can't give it a -10.<br><br>Q: Why would I give it a -10? How is that even possible? A: Because\nthis movie destroys the franchise and spits on the canon.<br><br>Even if you hated the prequels, after this movie you want Lucas to come\nback, declare \"The Force Awakens\" non-canon and film an alternative\nStar Wars VII.\n", "score": "1"},
{"review": "\nTechnically it is well made film, special effects are well done and no\nsurprise there, nowadays even TV shows are really well made. <br><br>Unfortunately the plot is rubbish it is so uninteresting and simplistic\nthat there is nothing to actually get your interest. Kind of like\nTerminator 3 it stolen lots of the ideas from the previous episodes.<br><br>- Planet Death Star = equivalent of original death star - fight at the\nend to destroy it is very much like in a new hope<br><br>- yet again Jedi are a myth and nobody knows about them just like in a\nnew hope, BUT in the fight between stormtrooper Fin and the other one\nwhere he uses lightsaber the other stormtrooper has weapon to fight\nagainst lightsaber?! why would they have counter weapon to lightsaber\nif nobody even believes in Jedi anymore?<br><br>- Fight between this rubbish weak Han Solos Sith son and Fin is\nridiculous, even beginer Jedi/Sith should kick his ass instantly...<br><br>- Girl learns to use Force in 2 minutes... what a bull<br><br>Very shallow and no depth to this film at all...\n", "score": "2"},
{"review": "\nSomeone at Disney had to employ their families and friends to fool the\nmovie enthusiasts. This movie was pure garbage. Nothing close to any of\nthe Star Wars directed by Lucas. I was forced to go because of my\nlittle boy. End of Star Wars. Don't waste your money for them to charge\nyou $20 more for drinks and popcorn too. The movie industry is going\ndown the toilet. Someone at Disney had to employ their families and\nfriends to fool the movie enthusiasts. This movie was pure garbage.\nNothing close to any of the Star Wars directed by Lucas. I was forced\nto go because of my little boy. End of Star Wars. Don't waste your\nmoney for them to charge you $20 more for drinks and popcorn too. The\nmovie industry is going down the toilet.\n", "score": "2"},
{"review": "\nReally? You are literally remaking Episode 4 again? I mean THAT was\nyour groundbreaking idea?? Lets do a thought experiment. Lets imagine\nthis appeared as a piece of fan fiction. Would anybody really bother\nreading it to the end? I wanted this to feel like the beginning of the\nthird part of an epic saga. I didn't want to come out of the theater\nfeeling like I'd seen a corporate reboot but what else where we ever\ngoing to get. Retro visuals, little to no imagination mixed with safe\nblockbuster tropes and lashings of puerile fan service.<br><br>I guess this is a warning. When fan-service comes before a great story\nwe just end up with garbage.<br><br>On the plus side.. I like Finn and Poe.. and BB8 was good :-)\n", "score": "2"},
{"review": "\nAll the critics and professional reviewers loved this movie and gave it\ngreat reviews, but now that I watch this film it is a rip off of the\noriginal and much much much better film. Yes it copies and traces the\nlines of the original 1977 classic. Desert planet, cute robot and all\nwithout the good acting or directing of course.<br><br>From a marketing perspective it is brilliant. Those knock off Apple\nStores in China get shut down and do not last. How did this film make\ncash and get in the Top 250 of IMDb? More payola?<br><br>Disney and the director must be ashamed and retired forever. I would\nboycott them from this day. But do not forget the professional payola\nwriters who like anything they are told to like shame.\n", "score": "2"},
{"review": "\n**SPOILER ALERT** <br><br>Wow, this movie was an identical to is predecessors... nothing new here\nCheck list:<br><br>- Young Jedi on a desert plant - Check! <br><br>- Death star - Check! <br><br>- Resistance pilot flying through the tunnel to destroy the death star\n- Check! <br><br>- Crappy robot with secret message - Check! <br><br>- Han Solo - Check!<br><br>- Evil dude covered with black mask - Check!<br><br>But what really annoys me, is that a young Jedi who 30 minutes ago\nthought that The Force is a myth and Luke is a legend learned how to\nuse the force in 1 day and defeats the evil masked guy who is training\nin the force his entire life....\n", "score": "3"},
{"review": "\nRepeat same story line from previous episodes that consisting of the\nfollowing<br><br>a twin was born (a boy and a girl), <br><br>there are two bad guys who are Sith Lords<br><br>the bad guys are building an artificial planet that is also a very\npowerful weapon<br><br>the good guys will fight the bad guys with a few planes and is good\nenough to finish off the artificial planet.<br><br>It is always that Sith Lords work in pairs, and refused to learn the\nlesson that two will always lose out to all the Jedis. And the Sith\nLords always like to build an artificial planet, despite learning that\nthe idea will never match a few good planes bombing its energy core.<br><br>This really came at an expense on the quality of work and story of\nDisney.\n", "score": "1"},
{"review": "\nI expected an update since this film is set in the future, and not a\nprequel. Everything about this movie seemed dated. From the costumes to\nthe music to the spacecraft to the plot points. What a waste 57 bucks\nto take my family of four to a 3D movie.<br><br>It seemed like the old time after school space serials I used to watch\nwhen I was in elementary school. Where did that giant budget go? The\ndialog was stilted. The cinematography was unimaginative. The attempts\nat humor were weak. I expected more from JJ Abrams!<br><br>It seems he was restrained from doing anything different with the\noriginal material. <br><br>I won't bother seeing the next one.\n", "score": "3"},
{"review": "\nContain spoilers of something can't be spoiled much more.<br><br>Anyone who touch light sabre can become master jee-day(US pops let ur\nfather buy u sabre you will make new Donald Tramp) and steal the\nfastest junk in the Galaxy. Acting of young actress and actor (what\never their names are) is catastrophe. Where u found those actress.\nMoney making machine made good statistical analyze. What is cool for\n(US pops IQ HQ)? Dart Wader Mask breathing (but its dead, let make new\none with Mask, Death Star (let make bigger and stronger with 3 rays,\nMillennium Falcon,Dark skin president of US, ups Dark skin actor (storm\ntrooper with years of training by eating to much choco-pops and as\ncleaner of Death Star knows its weakness) , crazy run and we will make\nmoneyyyyyyy.<br><br>Machine you have earn more money, you WON. Humanity lost.\n", "score": "1"},
{"review": "\nI've just seen New Hope...again. FA is a boring and stale remake\nnothing else. I will avoid Abrams movies from now on at all costs. He\nis the most untalented and unimaginative director I can think of. Lucas\nturned a wild but unique idea into a franchise. This movie was made\nonly to keep that franchise running. Script, dialogues, jokes - all\nmade for 14 year old brain dead, the violence in the movie was quite\nabove that age. And they even brought back whiny Jedi boy as the new\nYoda... how much BS can you feed to the masses and even be successful?<br><br>I doubt the next part will be different. It seems to involve Greys as\nSith Lords, though, maybe Fox Muldr will make an appearance.\n", "score": "3"},
{"review": "\nJJ Abrams evil genius here is delivering a narrative with the barest of\ndetails and then hoping the hardcore fan base does all the work filling\nin plot holes and gaps with over-elaborate explanations later.<br><br>Frankly I found that lazy, exploitative, and insulting.<br><br>It also cheapens the films before it by allowing its characters to\naccomplish the same things and greater with none of the journey. Using\nthe force, dueling with a lightsaber, destroying huge military\ninstallations...we were apparently misled originally into believing\nthese things were difficult.<br><br>It is a weak check box film. X-wings? check. Light saber duel? check.\nPlanet destroying death ray? check. Bad guy in back breathing through\nmask? check.<br><br>Shockingly little effort was made to add narrative to that skeleton.\nIt's just marketing and branding.\n", "score": "1"},
{"review": "\n'A special effect is a tool, a means of telling a story. A special\neffect without a story is a pretty boring thing.' - George Lucas <br><br>The above quote sums up The Force Awakens for me. Like many others I\nwas really looking forward to seeing this and went to the midnight\nscreening. About halfway through I got bored and by the end I was\nreally disappointed. The many faults with this movie have been covered\nin other reviews so I won't repeat them. I would just like to apologise\nto George Lucas. Before the I saw The Force Awakens I was happy he was\nnot involved. Now I realise Lucas losing creative control is probably\nthe worst thing that could have happened to Star Wars.\n", "score": "5"},
{"review": "\nHave been shattered. The other user reviews are right, this movie is\nnothing like a Star Wars film.<br><br>At first when I walked out of the cinema I was thinking I will take\naway happy memories. But there was something bothering me about it that\nI couldn't quite place.<br><br>The more I thought about it the more I found I hated this movie. The\nplot holes, the forced acting, the action scenes that were actually not\nthat great, the incorrect portrayal of so many aspects of Star Wars\nlore. I'm now not sure I like any part of this movie anymore.<br><br>Even the plot is a total rehash that tries to be original at the same\ntime but seriously falls flat. I feel its a real shame since it could\nhave been so much more.<br><br>Not sure how it has a 8.5 rating here I really don't. Even right out of\nthe cinema I would have only given it a 6/10. Now? I think closer to a\n4/10 but since there are obviously so many paid for reviews I think I\nwill just give it a 1/10.\n", "score": "1"},
{"review": "\nNot surprised. The franchise could not get any more worse after a so-so\nprequel trilogy. We did try to like it but it just didn't fit in well\nwith the 1st trilogy. When you think you are going to see a fresh take\non the Star Wars saga, it fails horribly. We are made to see a remake\nof the first 3 installments with lesser plot imagination, no character\ndevelopment, scenes xerox copied from previous Star Wars -- its all\neye-candy. Very much frustrating to see a legendary film shredded into\nthis big mountain of crap. This film is for the kids. The type of film\nyou wouldn't bother watching 10 years from now. This film is made to\nsell Disney merchandise. This film is to milk the brand Star Wars.\nFail!!!\n", "score": "1"},
{"review": "\nIt was like watching episode IV again. Another death star, but this\ntime built on a planet. And even easier to destroy. What's next, a\ndeath galaxy?<br><br>But the worst part was the bad guy. So lame and laughable. Without his\nhelmet his face doesn't inspire even a bit of fear. And no Sith would\never get hurt on a sword fight by a storm trooper that doesn't even has\nthe force with him.<br><br>To make the film even more laughable, the supreme leader Snoke doesn't\njust look like Gollum, but it's actually performed by the same actor\nthat does Gollum in Lord of the Rings.\n", "score": "6"},
{"review": "\nDisney perfects the process for turning nostalgia into hard cash.\nPossibly the most over-hyped movie EVER in history, and also one of the\nbiggest let downs for fans of the original trilogy. I really tried to\nlove this movie, but that's the problem right there... everyone is\ntrying a bit TOO hard...<br><br>** POSSIBLE SPOILERS **<br><br>Also, it's an incredibly unoriginal movie. Secret plans for a planet\ndestroying weapon hidden inside a droid on a desert planet? Said droid\nfound by a young local who is also a talented pilot and in touch with\nthe force? Local villagers slaughtered by Stormtroopers looking for the\nplans? Escaping desert planet in Millennium Falcon? Someone needs\nrescuing from the \"Death Star\"? and there's more... any of this sound\nfamiliar at all?!! Are you kidding me Jar Jar Abrams?<br><br>This is the last Star Wars movie I will ever pay to watch. Disney can\nhave everyone else's cash, but they are not getting any more of mine.\n", "score": "4"},
{"review": "\nStar Wars 2015 was, so I believed, supposed to be the follow up to the\nfirst Trilogy that included gritty stars such as Harrison Ford and Mark\nHamill. True we did get a glimpse of the old Hans Solo and boy was he\ngreat. Not so the new wave of actors invading the Galaxy! When Luke\nSkywalker learnt to be a Jedi Knight, it took time and patience - and\nit was worth the wait! Not so the young pretenders! In the space of a\nshort time they were able to become the Superheroes of Time and Space.<br><br>The best actor, in my opinion - was the rugged, gutsy pilot, Poe\nDameron, who only had a bit part in the film. Disappointing all round -\nincluding the outcome.\n", "score": "1"},
{"review": "\nThis movie is not a Star Wars movie ..... This is, I hope, a\nmulti\u0097million dollar practical joke before the release of Star Wars 7.<br><br>The characters where sketchy... not the actors fault, it was the\ndialogue which was stilted. The story recycled ... from previous movies\nand games.<br><br>It is as if the lords of sith had assumed control of the whole\nproduction.<br><br>Why create a mastermind which looks like a mix between gollum and the\nalmighty tallest? Why have the stormtroopers look like Nazis raising\ntheir left arm at the end of an angry speech from a hateful general?\nWhy make an EVEN BIGGER deathstar?<br><br>I could go on. The feel I had through the whole movie was mostly ...\nWho the h%#&amp; is that guy?\n", "score": "1"},
{"review": "\nI have never reviewed a movie before but this abomination forced me to\ndo it. I was staying away from anything Star Wars related for a while\nnow so I wouldn't see any spoilers. I didn't realize that when Disney\nacquired Star Wars that they would throw out almost 40 years of\nofficial novels. These books had been approved by Lucas. Disney now\njust makes up whatever they want. So anyone that has been wanting to\nsee something from the books... I'm afraid you are out of luck. Disney\nonly recognizes the 6(7) movies and their cartoons/video games as\nofficial canon. Basically, Disney decided to infuriate Star Wars'\nbiggest fans. I will not be spending any more of my money on Disney's\nStar Wars until they learn to respect the past. So disappointed.\n", "score": "1"},
{"review": "\nA missed opportunity. The biggest let down of this movie was the script\neverything else was great but the story was lazy and a massive let\ndown.<br><br>Well what did you expect from a Disney Star Wars. This could have been\na great movie if the script had actually been written with some\npassion. It had the right ingredients but lacked any taste. The actors\nwere great and seem to blend in just fine but every scene seemed to be\nstolen from past Star Wars movies and yes I know any real Star Wars fan\ncan tell you that George Lucas admittingly stole the Star Wars story\nfrom a 1958 Japanese movie but this was blatantly copying Lucas.<br><br>I feel all future Disney Star wars movies will be a let down. What a\nshame.<br><br>I could go into how the script could have been better but i am guessing\nnobody here would be interested in that. Just a few tweaks to the story\nand characters and this movie would have been a special movie moment\nsuch as in 1977. Unfortunately this is just another Hollywood mass\nproduction.\n", "score": "1"},
{"review": "\nI had no expectation from this movie and still it managed to be a\ncomplete sucker of a movie. Compare it to the last three then this\nmovie is absolutely crap. The last three has such a huge amount of\nfocus put into it but this one had a similar format as before, the\nstory line was from previous movie but just changed slightly. It just\nruined the whole feel of star wars. People say that its very good but\nthe truth is that this is a disappointment. No efforts put into\ngraphics. They had a budget of $200 mil but tell you what an avenger\nmovie was more entertaining to me. Harrison ford's acting was awful and\nso was our dear princess. If the budget was about 50 mil the i would\nsay its probably worth it but $200 mil and this is just an insult.\n", "score": "1"}
]