[
{"review": "\nI'm not going to sugar coat it: this movie stinks. After the\ngut-busting hilarity of the 2009 original, this comedy franchise has\nbeen struck down with a severe case of sequel-itis. The carbon-copy\nsecond instalment was stale for the most part yet still managed a\nhandful of laughs thanks to the general funniness of Zach Galifianakis'\nsocially demented Alan; this episode however, is almost completely\ndevoid of humour. The writing has become increasingly reliant on the\nnatural charisma of the headlining star trio - with the plot here being\nlaborious and woefully lazy - and the irritating Chow (Ken Jeong), the\nweakest link in part one, inexplicably gets even more screen time to\nscreech and make our eardrums bleed. If it weren't for an amusing set\npiece atop Las Vegas' Caesar Palace hotel and a best-for-last gag\nduring the end credits, I would've given this the one star treatment. I\nwas desperately hoping this series would regain some form and finish\nwith a bang, but unfortunately the wolf-pack's last adventure barely\nmakes a whimper.\n", "score": "3"},
{"review": "\nThis film should have been put in a recycle bin to make some plastic\nDixie cups from. 4 or 5 plastic cups would have been a much better use\nof the material. Its hard for me to believe Cooper and Helms agreed to\nparticipate in this abomination.<br><br>Trouble with this film is its for a 12 or 13 year old, but you need to\nbe 17 to get in and see it. Also the few chuckles in the audience\nsounded like they were from a 79 - 80 IQ patron.<br><br>If you are a 40 year old adolescent or have a room temp IQ you may find\nthis amusing. A level beneath fart jokes, this expletive laden\nnon-script couldn't give anyone a chance to act even if they had the\nskills.<br><br>I wish I'd have spent the 90 minutes reorganizing my garage or deleting\nold emails - and I'm not kidding at all. Hope this saves you an\nexcruciating time (and $) this holiday weekend.\n", "score": "2"},
{"review": "\nI decided to go and see this film as I am a fan of the first film in\nthe franchise - the second was not enjoyable, but I had hoped the\nconclusion would be a return to form. I was hugely disappointed by the\nlazy script, cruel tasteless gags, and the predictability of the film.\nI love comedies, I have a sense of humour, but I only laughed once or\ntwice. The cruel animal death 'jokes' killed the mood of the film. They\nwere cheap and quite shocking. I know these films are supposed to be\nshocking, but it is not clever or witty to make jokes out of serious\nissues like cockfighting - I didn't want to watch a rooster get slowly\nsmothered by an imbecilic Asian man. I wanted to enjoy a fun experience\nlike I did with the first Hangover film. Mr Chow is a hugely\nirritating, monotonous character, whose only purpose seems to be to\nhurl out nonsense at every opportunity. The Hangover Part III will ruin\nthe experience of the first film for you - if you want a film that is\noriginal, and good fun - avoid this shameless grab for cash. I can\nhonestly say this was a chore to watch. 1/10\n", "score": "1"},
{"review": "\nI am so disappointed. i absolutely loved the hangover parts 1 &amp; 2, and\nwas so excited about the 3rd installment, even going to see the\nmidnight screening, but was so let down. I still don't even understand\nwhat the writers were trying to do? were all the comedy writers in\nHollywood all sick at the exact same time this script was being\nwritten? Worst of all, No One was Hungover! How can you name a movie\nthe hangover, when it involves no drinking, stupidity or a hangover?\nthe only part i can honestly say i loved was the short after wedding\nskit after the credits. THAT is the movie i wanted to watch, along with\neveryone else in the cinema from what everyone started screaming at the\nscreen. Please make that into an 1 1/2 hour long film to regain the\nhonor of a hangover movie, coz what i watched, was dismal at best.\n", "score": "2"},
{"review": "\nI could not believe how unfunny this movie was. I kept waiting for even\na single joke to land. It was like they forgot what makes this kind of\npremise funny in the first place. It was truly awful and easily the\nworst movie of the year. The only laugh it got was when my wife and I\nboth looked at each other and laughed that the movie was so unfunny.\nShame on you cast and Director of the Hangover III. I want my money and\ntime invested back. I texted all the people I love and care about and\ntold them not to see this movie. This isn't even a rental. The title\nshould never be mentioned in public ever again. THE WORST! As I am\nwriting this I am still amazed how unfunny this movie was. It was like\nlistening to a story from your grandma about how she went shopping at\nthe grocery store...BORING!\n", "score": "1"},
{"review": "\nI thought this movie was 2nd best possibly 1st in the trilogy. I hear\nthe term \"no hangover\" that's why it sucked or it was lazy or unfunny\nbut it was a serious drama/comedy the hangover series has a deep story\nin 3 it all comes together the movie was great I have no clue why\npeople hate it but I recommend it. its a good time. also the hangover\npart 3 had a lot of original things from the first one so when people\nsay it what out of plot or unoriginal then there Solly mistaken great\nmovie though I hate all the hate on it doesn't deserve the hate it was\nwell done. it even had done good at the box office and some decent\nreviews so are these hate reviews all from one spam mer or?\n", "score": "10"},
{"review": "\nTo me it seems they borrowed a plot from another movie/script and\nreplaced the characters with the ones from hangover 1..to get It's\npurely trying to milk out the characters for as much of our money as\npossible. Realising they have run out of ideas for a similar hangover\nmovie. They just borrowed a script somewhere and try to cash in on its\nfamous predecessors. A quick heists before people realize what the\nmovie actually is. A con movie.<br><br>The funniest bit is the Giraffe sequence...but thats only at the\nstart...not even part of the actual movie. Simply an amuse bouche.<br><br>The rest of the movie doesn't have any hangovers in it or really any\ncomedic moments. Just a straight crime-caper trying to be funny.<br><br>Sad sad end and showing the true colors of the makers and participants\nof this movie.\n", "score": "1"},
{"review": "\nDid anyone actually get drunk in the movie? Why so many gratuitous\nkillings? The only similarity between this rag and the previous\nhangover movies is the actors. Just an awful movie! Don't even rent\nthis thing when its released. I expected more from the \"Chow\" character\nbut was greatly disappointed. Alan? What happened to this character?\nActually none of the characters were as developed as the last movies.\nThis is a major problem because we came to see the third installment\nhoping for a continuation of the previous two and were totally let\ndown. The best parts of this movie must be in the blooper scenes or on\nthe cutting room floor. As I'd mentioned, don't even waste your time\nrenting this when it's released or buying it for that matter.\n", "score": "1"},
{"review": "\nThis movie. Was simply hilarious. A lot of people expected a bit too\nmuch from this Movie, but me personally did not. I have to say, it\nliterally ended with a Bang. People are not thinking about how\ndifficult it will be to make a Hangover III as if you could imagine\nyourself, the Director would be thinking what would be the Hangover\nabout?<br><br>This story has a great twist, and it is best of for you guys to watch\nit yourself spending a couple of coins on the tickets and ''wollah''\nenjoy.<br><br>10/10 Loved it! Specially the End! ( Comes after the Credits, don't\nleave your seats ).\n", "score": "10"},
{"review": "\nRight, i'm going to keep this review short and sweet. I went to see\nthis film the day after its release. If i'm honest, I didn't have high\nhopes as part 2 was such a flop. This is not the case for part 3! <br><br>Personally, I thought this was a film of two halves. The first half was\nextremely funny and had me laughing throughout. The second part\nsummarised the film, whilst lacking in the volume of the comedy, it was\nstill present. I definitely would recommend anyone to go see this and\njudge it for yourself. Personally, I am going again in the next few\ndays, that is how much I enjoyed it! I thought it was better than part\n1, but that is my opinion. Go see it for yourself and you will see what\ni mean!\n", "score": "10"},
{"review": "\nThis movie was not a bad movie at all. if you are willing to kick back\nfor an afternoon and enjoy a flick, this is the one. there is not a\nwhole lot of expectations for this movie. Yes the first one was great\nand the second ( which wasn't bad either even though it was a copy and\npaste)barley made it through. this one takes on a whole new journey\nthat gave a decent conclusion and we get more in depth with the\ncharacters. this movie still had decent comedy and a good story with\nreferences from the first 2. even Chow has more screen time and we get\none more wake up scene at the end with another misfortune. just watch\nit and don't expect too much.\n", "score": "10"},
{"review": "\nI think people have forgotten what movies like this are all about<br><br>If you want to laugh go see it, laughs are guaranteed ,if you have a\nsense of humour you will. If your uptight and pretentious it's not for\nyou. Go watch something else . If you loved the first 2 you'll like\nthis one . The first 2 are hard to beat but you'll laugh all the same.\nI love the catch phrases. <br><br>To keep it simple its all about Alan , Chow and the wolf pack. Poor\nDoug never gets a start probably because he's boring .Well worth a look\n.I loved it , don't be turned off by the Doug's of the world. There are\ntoo many negative people sharing their opinions.<br><br>Very funny we came out smiling can't beat that\n", "score": "10"},
{"review": "\nReally?? Terrible?!?!?! it was amazing! If it was even about a\nHangover, then you guys would be mad saying \"It's exactly like the\nfirst\" that's what the whine on number 2 was about! It has a great\nplot, a great story, great actors HILARIOUS ENDING AFTER THE CREDITS!<br><br>And a great ending to the wolf pack journey. It doesn't has a lot of\nsexual material, so it goes where the average R rated hit movie dares\nto go, with hilarious material without being fully sexual. And it has a\nlot of fresh new jokes that wasn't from the first (unlike number 2)<br><br>It's like 21 jump street! Just don't listen to what we think, watch it\nfor yourself!<br><br>Then, you can fuss about it OR enjoy it, completely your mind ;)\n", "score": "9"},
{"review": "\nThis was absolutely my favorite of all three. With lots of good punch\nlines and funny expressions, this movie delivered a nonstop-laugh!<br><br>Alan and Mr. Chow was in the spotlight, and the story about them two\nwas so incredible well thought about. Mr. Chow the mean and\nstraightforward china man manage to steal all the gold from Marshall\nand Alan helping him without knowing. It's just so hilarious!<br><br>When it comes to acting, I believe they all have developed their\ntechniques and have become really good actors. Bradley Cooper, Ed\nHelms, Zach Galifianakis, Justin Bartha, Ken Jeong and John Goodman\njust to mention the leads of the movie - ONE word, brilliant! This\nmovie is for anyone who wants to have a mega-nonstop-laugh.\n", "score": "10"},
{"review": "\nI thoroughly enjoyed this movie!! While it was not as good as the\nfirst, It still was a very funny and enjoyable movie! If you Like the\nhangover series, you will like this film. Zach Galafinakis once again\nstole the show, and MR CHOW was also brilliant. Again I do not know why\nthere are so many negative reviews. Of course this is no Oscar winner,\nbut it was still a great comedy movie in my opinion. I enjoyed it a\nlot, and have watched it several times since first seeing it! Do not\nlisten to all of these negative reviews, go and watch it! I have come\non IMDb so many times to check a movie and see all then negative\nreviews, and almost pass on watching a movie. Don't let this happen\nwith hangovver 3! Excellent film. 8/10\n", "score": "8"},
{"review": "\nZach Galifianakis is now super annoying. When this started, we were\nlaughing at him but his shtick is now tiring. They needed to downgrade\nhis antics from mean-hearted to just simple stupidity. I know Todd\nPhillips is saving it for Alan to grow in this movie. But it started to\nhappen too late.<br><br>Bradley Cooper and Ed Helms seem to be going thru the motions. We miss\nthe face tattoo. They needed to do something to replace it.<br><br>Ken Jeong is actually doing something serious. In the first two, he was\nlovable bad guy. From the first moment as the naked guy in the car\ntruck, we thought he couldn't do much damage. But in this one, he is\ncausing real damage to the group.<br><br>John Goodman is doing a new character Marshall. He's a new bad guy\nlooking to get Mr Chow for stealing his gold. So he kidnaps Doug to\nforce the group to catch Mr Chow for him. It's rather serious, and not\nthat funny.<br><br>It was good to see that Alan finally grow up, and dealt with Mr Chow.\n", "score": "7"},
{"review": "\nThe wolf pack is back. This time they are going in to take care of one\nof their own, Alan (Zack Galifianakis). He seems to have a lot of evil\nin his life and they want him to realize that he needs to cleanse\nhimself of his life of drugs, bad decisions, and bad company. All is\nwell until Mr. Chow (Ken Jeong) appears back on the scene. This time he\nis a man on the run and this makes for another mayhem adventure. Lots\nof actions pack scenes where the gang gets close to the edge and back.\nDoug even sparks a new love interest in Cassie (Melissa McCarthy). Lots\nof funny scenes and low brow references that have become a hallmark of\nthe Hangover series, there is even a bit of a teaser for a continuing\nof the series in the end credits, so stay tuned. Could there be a\nHangover IV? Who knows but for this one the wolf pack boys are back in\ntown.\n", "score": "7"},
{"review": "\nThe Hangover Part III Review <br><br>The truth is that Part III of this decent trilogy was pretty good, but\nnot great, and definitely not awesome. I too was lured to the cinemas,\ndue to the fact that there was a lot of controversy (and of course, a\nlot of advertising) to see if that film was good or not.<br><br>The cast was pretty good, with Zach Galifianakis returning -of course-\nand giving a great performance as the funny and weird character of\nAlan, who is actually why a lot of people went to the cinemas for.<br><br>The story advanced pretty well, with no actual \"Hangover\" this time,\nbut with a bunch of nice story twisters and clever lines.<br><br>Unfortunately, the film didn't have the charm of the first film, the\nfilm that introduced us the great company of the \"Wolf Pack\" but I\nbelieve it was better than the second film, because the story\nprogressed better, and the actors were more direct and lovable.<br><br>6.5/10\n", "score": "6"},
{"review": "\nShort and simple this movie is boring i laughed 3 times in this movie\nand that was small laugh. Except the last minute is great all other 99\nminutes kinda sucked. Don't go into cinema watch it at home. I hope it\nhelps if you don't believe me go and see it but you were warned.\nBecause i don't have anything good to say about this movie and i must\nwrite more text i will say this movie is good if you are drunk.<br><br>As with its predecessors, Part III is built around hugely improbable\nevents which trail along in the wake of the path through life taken by\nthe hugely unbelievable child/man Alan (Zack Galifianiakis), and this\nis both the the greatest strength and the greatest weakness of the\nseries. In the first film, the character was funny and what happened\nwas funny. In Part II, less so. Part III is actually quite dark and,\nwhile there are some laughs, mostly this could have been filmed as a\nstraight crime drama.\n", "score": "3"},
{"review": "\nWell, as a good cinema fan I get very disappointed with the Part III.\nPart I and II were really great, excellent, original and they deserved\na big 10 for elevated the comedy films to a new and higher level of\nquality. But Part III that's nothing to do with the truly essence of\nHangover film concept. For me the best scene of this Part III is after\nthe first credits in the end! Can you believe in that? That's a scene\ntruly Hangover! I'm sorry to the producers but the rest of the film is\nbad with only a few little things of the genuine Hangover because there\nweren't no surprise scenes, it was very forced jokes. They could keep\nthe same story and do a better End with this team.\n", "score": "5"},
{"review": "\nThose guys should stop it already. its not funny anymore. never was. <br><br>Well.... maybe was... once. The 1st movie was kinda good and it feels\nlike a fresh idea. But now, its just another pathetic effort for some\ncash grab. The wolfpack didn't give us something new here. the action\nscenes weren't good either. Its just like when peter jackson decided to\nbring up a mere, small, simple, short story of a little hobbit into a\nmuch much much longer-than-needed trilogy. but, that's fine.<br><br>While this movie.. not. stop it. Not everything should be made a\ntrilogy. Not this one.<br><br>And where is mike tyson?\n", "score": "2"},
{"review": "\nYou could call this the Mr. Chow show. That is because everything from\nthe plot too the punchlines all rely on Mr. Chow. This makes it punch\nless. <br><br>John Goodman is almost totally wasted and then gets wasted halfway\nthrough by Mr. Chow who seems to be threatened by the chance John might\nget a real punchline.<br><br>The blue ray DVD has a lot of extras including a joke about re-casting\nZach. Unfortunately Zach has his worst outing of the series.<br><br>The film goes straight down faster than you can fall off Ceasar's\nPalace. <br><br>I haven't see Chow like this since Purina. They forgot that America\nruns on Dunkin.<br><br>Where is Mike Tyson? We need him chewing on Chow here. Beheading a\nGiraffe would be clever except Zach does it for no real reason other\nthan to cause Jeffrey Tambor to drop dead. After these 2 die, the movie\ngoes with them to the grave.<br><br>At least the pregnant hooker does not get any Hallow Weiners, just the\naudience gets a hallow film. Think this series of films has run it's\ncourse.\n", "score": "2"},
{"review": "\nOkay first of all. I don't understand all the negative comments. People\ncomplained that the second movie was basically the same exact thing as\nthe first. Now you have people complain that it's different. You can't\nhave it both ways. That being said, yes it was better than the second\nbut by no means better than the first. Instead of flash forwarding to\nafter the hangover and retracing their steps, the wolf pack go on a\nmore traditional \"beginning to end\" journey. It wasn't predictable\n(Chow made sure of that), it had some pretty dark content/humor (hello\nit's rated R), but most importantly it was FUNNY. I was laughing\nliterally the entire movie. Appearances by John Goodman and Melissa\nMcCarthy were just the icing on the cake. All in all - go see it/rent\nit/buy it.... Whatever. And P.S. there is an actual \"hangover\" moment\ngenuine to its predecessors - but you have to wait until after the\ncredits to catch it!\n", "score": "8"},
{"review": "\nI felt the first one was good, by the third movie they ran out of gas\nand ideas and just milked, very lazy work on behalf of the writers. Not\nworth watching in theaters best to wait until it comes out in DVD,\nthere was no creativity even the second was better. The movie did not\nprovide any fresh or new ideas, it lacked a good plot and it when it\nended I said to myself this is it? I was expecting more out of the\nmovie. It seems like they just rushed to get it done and finished and\ncollected a pay check no passion in the movie at all. The first was was\nthe greatest and the second one was pretty good but the third one\nbombed completely.\n", "score": "4"},
{"review": "\nLook up \"Phoning it In\" in the dictionary and the definition will now\nbe: \"Not caring a bit about the quality of your work as in he writers\nand actors in Hangover III.\" This flick was worse than bad. Not only\nwas it completely unfunny (unless a decapitated giraffe or killing dogs\nmakes you giggle -- which also makes you a psychopath), it was\noffensive and stupid. The only reason I went was to see glimpses of my\nhome town of Las Vegas. What a complete waste of time and money. Avoid\nthis piece of crap. The actors should be ashamed of themselves for\nagreeing to participate in this exploitive piece of excrement. It is\nonly going to hurt their future careers, I certainly will not go out of\nmy way to see any of them in anything again. P-U. What a stinker.\n", "score": "1"},
{"review": "\nThis is the most humorLESS film I've ever had the displeasure of\nwatching. Aside from the racism throughout, it just screamed of\n\"milking the cow\". The actors phone it in, the writing is remarkably\nlazy, and the audience has been there and done that.<br><br>This film can only appeal to morons because it's repulsive to anyone\nwith an average brain. It actually hurts to watch these guys on screen\nwith their lame/vulgar jokes. Have you ever had a what if discussion\nthat defied all sense of plausibility and reason? This is exactly that.\nNothing makes any sense. I wish these people would stop making bad\nfilms that will no doubt inspire other filmmakers to also make similar\ncrap to cash in. It's so bad, I think it harms society.<br><br>There's nothing to see here. It's a total waste of time.\n", "score": "1"},
{"review": "\nThe plot fits the \"Hangover\" title, but not because the events occurred\ndue to a wild party, but due to the events from the original. I love\nthe performance of John Goodman. The very last scene was the most funny\npart. Asides from those two points, the movie fell flat. There were no\nlaugh-out-loud moments and some of the jokes fell flat (i.e.\ndecapitation). Did Bradley Cooper even want to do this movie? He acted\nas if he was just going through the motions. Melissa McCarthy is\nshowing up everywhere, so I understand why they added her to the movie,\nbut she didn't add anything to it. The movie focused way too much on\nChow, portrayed by Ken Jeong, and NOT the \"Wolfpack.\" If you were\nbruised from Part II and are debating whether to go to the theater or\nwait for it to be available at home, I recommend you wait to watch it\nat home. There are too many movies out or coming out that are worth the\nticket price.\n", "score": "3"},
{"review": "\nSo I just came from seeing the 10:30am showing at Arden Fair and I\ngotta say all I could think about was walking out and having a\ncigarette. Yes, the movie had its few funny lines, but NOTHING like the\n1st or 2nd that were FULL of comedy. Not a bad movie, meaning I've seen\nworse, but NOT the can't catch my breath comedy I've come to expect\nfrom the trilogy! The actors did great as always but the story-line did\ntoo much and made the \"funny guys\" almost extras to a poor movie. I'm\nsure many will run off to see this movie as I did BUT if I knew then\nwhat I know now, I'd wait for it to come out to the Redbox for $1\n(SERIOUSLY). The upside since a refund isn't an option is I'm hoping\nWalmart lowers the DVD price of HO2 to $5 to complete my collection,\nsince I'm clearly not interested in buying #3. Your welcome in advance\nLOL...No,seriously! #RefundWanted\n", "score": "4"},
{"review": "\nI thought that the Hangover III was a really good movie. From my\nopinion, there were many scenes that were really funny. Some people\nclaim that there are inappropriate scenes where sex and drugs are\ninvolved but from just hearing the name \"Hangover\" that should not be a\nsurprise. If you enjoy comedies I would recommend you to watch this\nmovie. I would not say it is one of the best and funniest movie I have\never seen but it is sure one of my top 10 on my list. However, it lacks\nthe charm that made the first Hangover movie so good. This movie would\nbe a perfect movie to watch when you are ridiculous hangover and feel\nto relax and watch a really good and funny movie.\n", "score": "10"},
{"review": "\nBradley Cooper while sitting in a Tiajuana Bar says \"What the f**k am I\nwatching\". And that sums it up.<br><br>If this were a stand alone movie and there was no \"Hangover\" it would\nbe judged as an mediocre action comedy. Because \"Hangover\" set the bar\nand \"Hangover 2\" lowered the bar, this effort runs a distant third.<br><br>After a few jokes and light hearted moments of killing the giraffe, and\nAlan's father dying which you know from the excellent trailer, things\nturn. It is hard to remember anything funny once the fighting cocks are\nintroduced. The smothering of one under a pillow set the tone for the\nrest of the movie.<br><br>The charm of the first \"Hangover\" is missing. Alan adds a few moments\nin a forced scene with the child that was the baby in the original.<br><br>If shooting people is your idea of funny you might find a laugh. There\nis one anti-Semitic joke attempt that just thuds. If you miss the wolf\npack look for the original on a platform that comes into your home. It\nis amazing how good this makes the original \"Hangover\" look.\n", "score": "4"},
{"review": "\nThey should have stopped after 1, though 2 was not terrible. This one,\nhowever, was simply a way of sucking more money out of the series, and\nthey got some of ours (though fortunately at matin\u00e9e prices). There are\nsome laughs, but not nearly as many as you'd expect, and they've turned\nChow into too significant a character. He was much funnier in the\nshorter role in the original. They've also put too much emphasis on the\nsuspense portion of the plot (an it's not particularly suspenseful at\nthat). Alan's character moves from being that of a naive innocent to\nsomething far crueler and darker, which I didn't enjoy either. The\nfunniest part of the movie, and the one that takes you back to the\nappeal of the original, occurs after the credits start to roll, so\ndon't run out in disgust once they do.<br><br>If you really want to see how the series ends, save yourself some cash\nand wait for the video release. Wish we had spent out money on\nsomething else.\n", "score": "4"},
{"review": "\nI thought this one was better than the second sequel but of course, the\nfirst one is still the best. This movie doesn't even have a \"hangover\".\nIt's just about the same characters and revolves around Alan. The movie\nbegins in a disgusting way, with Alan decapitating a giraffe. They\nreally shouldn't have showed that.<br><br>Any ways, Mr. Chow has stole some money from a gangster and the\ngangster believes the Wolfpack is the way to find it. He holds Doug\nhostage and wants the guys to bring him Chow. They track down Chow and\nrob a house and get back stabbed and then go back to Vegas. And even\nmore hi-jenks ensue. Alan even meets a lady.<br><br>FINAL VERDICT: It was OK, had some funny moments, but I don't think\nanyone expects it to be as good as the first one.\n", "score": "6"},
{"review": "\nSo first thing straight, this movie is the 3rd part of the Hangover\nseries but unlike the first two, there is no Hangover and the a similar\nstory line, where they try to remember what happened! Right here\neveryone looses their mind!<br><br>But if you look at it closely, it's actually better this way! There is\nstill the chemistry, specially with Chow, and throughout the movie you\nwill laugh &amp; smile! Also the ending was hilarious giving an open spot\nfor a maybe Part 4! You should definitely watch it, if cynical, at\nleast at home.<br><br>9/10\n", "score": "9"},
{"review": "\nWhen I saw this movie I was excited to see it The Hangover part 3,yeah!\nyou would think right? but when I saw it was humorless, no plot and\nlast but no least NO hangover it was just trying to get money from Chow\nwho was even goofier in this one, haha. I mean I think they could of\ndone it a lot better. Bradley Cooper didn't seem happy to be in this\nmovie at all! The acting was OK you could say. The plot was all over\nthe place and like I said sadly no hangover just a completely pointless\nplot. it could've been better about 100%. The Audience wants to see a\nhangover not something else of course that is why it's called The\nHangover. The scenes could've been better as well as the set and the\nscene where they were sneaking into the penthouse with the light\nflickering on and off and the way the camera was displayed was like\nwhat?!\n", "score": "3"},
{"review": "\nDo not waste your hard earned money on this load of garbage. Just\nbecause you enjoyed the first movie does not mean this one is worth\nseeing. Honestly, don't even see it out of curiosity, you will have\nwasted your time. All the remotely funny parts are blatantly shown in\nthe trailer, and the rest of the movie is a somewhat serious gold heist\nin which nothing is funny. I gave this movie a 5 because at least the\nproduction value was good and Todd Phillips at least tried to veer off\nfrom the original two scripts. I have seen some terrible movies in my\nday, so I reserve my god-awful rating for god-awful movies. But um,\ndon't see this movie. It's garbage wrapped in lies.\n", "score": "5"},
{"review": "\n-endowed when selected to be shown in the buff than then the men in\nsomething such as BOOGIE NIGHTS or FORGETTING SARAH MARSHALL? Don't the\nguys that hang out in the HANGOVER series have any self respect? What\nkind of message do they think they are sending to the world--which\naccounts for more than half of the eyes on the screen for any U.S.\nflick--when they denigrate American manhood in such a fashion? Perhaps\nit would not be so bad if such a bon mot came out during the first five\nor ten minutes of a feature. But when it the very last image of the\nentire film that the audience is left with, it is underlined with an\nimportance that otherwise might not be attached to it. Further, when\nsuch a joke from Mother Nature involves one of the five main\ncharacters, it carries a lot more weight with the rest of the universe\nthan if it was just some extra's lame inch. With all of the potential\nthreats currently facing America, we cannot afford to let our guard\ndown, as the HANGOVER people do. Who'll have the last laugh now?\n", "score": "7"},
{"review": "\nI made the huge mistake of getting my hopes high for this movie.I\nwaited the whole time to see a humorous scene where i could laugh like\nthe other parts of hangover but instead it ended with a very\ndisappointing note.Maybe I had my hopes too much for this sequel.Its\nnot a comedy movie but instead its genre should be drama. The only\npositive part about the movie is Mr. Chow (Ken jeong).He just stole the\nshow from the wolf pack totally.If there is a hint of smile in your\nface after seeing the movie is because of this guy. I wonder what would\nhappen if his role wasn't characterized properly. Overall my rating is\nvery low for this movie because Hangover was one of my favorite movies\nof all time..... :(\n", "score": "4"},
{"review": "\nLets face it. There was never any for sequels for this concept. Part 2\nproved it and in part 3 they seem to accept it by announcing they quit.\nThe movie revolves around thrills and action which work to a small\nextent by themselves has its funny parts but never really goes anywhere\nrather it goes downhill and by the end i wasn't expecting anything good\nso i wont say it let me down. I personally feel the Chow was a bit\noverdone here. Don't know the idea but it never really worked for me.\nDon't go by the hangover title. Its a misfit. Just average thriller\nwith a little humor here and there. At best worth a watch on TV if you\ngot nothing else to do on a weekend. Else skip this one.\n", "score": "4"},
{"review": "\nThis could easily be my favorite of all 3. The plot, story-line is\ngreat and keeps you interested. You already know, and empathize with\nthe characters if you'd be following from the beginning.<br><br>I was a lil skeptical, just bc I though HO II, was pretty terri-bad.\nThis picks up kinda where two left-off, just hilar. Also, you know they\nare going to \"end\" the series, and they did such a good job at getting\ncloser.<br><br>Also, hat-tip to screenwriters, etc., bc this one doesn't have anywhere\nnear the \"shock\" value humor that 2 and 1, relied so heavily on.\nInstead, it's actually pg-13'ish, and you can tell they weren't going\nfor over-played locker-room humor, but rather but some effort into the\nscript.<br><br>All in all, it's awesome and definitely worth seeing.<br><br>Oh and Alan (Zack G.,) by far has the best lines in the movie, he's\namazing.\n", "score": "7"},
{"review": "\nWow! What a delight! Fun! Fun! Fun! Laugh after LAUGH, this on the\nheels of the HUGE disappointment from Man of Steel. The story is such a\nfarce, but the lines and acting are just pure adult humor! And we can\nsure use some of that in this crazy world today. Compared to Due Date,\nwhich I liked--cause RD Jr. Is just too irresistible for me, this is\nongoing hilarious!! And the comedy timing was so keen by all the\nactors. I loved it. Wanted to stay and it again! I would go see it\nagain next week, but I think I'd better save $$ for the DVD and be sure\nto get digital copy for my iTunes library. I have The Help and Due Date\nin iTunes, which is so great when your on an airline and try to watch\nsome dumb movie on a 8in screen from 15ft away--I can watch something I\nlike right in front of me. Thank you Hangover III!!!\n", "score": "10"},
{"review": "\nThe Hangover Part III in my opinion was wronged in criticism, was\nmassacred for no reason , the film is much higher than the second film,\nsecond only to the first , the plot tried to be different, and in fact\nis quite different from other films, they do not have a hangover this\nfilm, and Doug back to being a key part , Chow still have more\nprominence in the plot, and along with Alan are the characters that\nsteals the show , they both are the funniest characters in the film ,\nthe soundtrack is good , the cast is the same, the direction is already\nbetter than the second film , I found the 30 minutes very good early ,\nafter the film of a fallen , and the last moments of the film are very\ngood in my opinion , the Hangover Part III is better than its\npredecessor , and is second only pro first film with a simple script, a\nlittle different from the others , I thought this movie was massacred\nby the critics without deserves. Note 7.8\n", "score": "7"},
{"review": "\nWhereas the first two movies were hilarious and full of outrageous\nsituations and really twisted comedy, then this third installment falls\nway short of its predecessors.<br><br>\"The Hangover Part III\" is nowhere near the first two movies in\noriginality and storyline, which were a disappointment. The comedy was\nscarce and far in between. I actually wasn't laughing much throughout\nthe course of this movie, unlike parts I and II.<br><br>Sure the reprising actors were doing good jobs with their characters as\nestablished in parts I and II, but they had very little to work with in\nterms of plot, script and storyline. And it was a cumbersome anchor\naround the foot of the movie.<br><br>If you stick through the end credits, you will get to the best part of\nthe entire movie, ironically as it is drawing to an end. And that was,\nin my opinion, how this movie should have kicked off and progressed\nfrom that absurd scene.<br><br>\"The Hangover Part III\" was a major disappointment.\n", "score": "3"},
{"review": "\nif it is the last (who knows), but it wasn't as funny as the previous\nones, yes there are still a lot of laughs and it is entertaining, but\nthe hangover is missing in this one.<br><br>I don't know if that's what's really missing, the hangover part I mean,\nbut there is something taken away by it not being there. I understand\nwhy they have skipped that part and maybe made this more of a closing\nargument and for that it works out well, but I guess I just wanted more\n:)<br><br>We just wanted to be entertained and surprised like the first movie,\nnot in this lets make it more outrages and unbelievable kind of way.\n", "score": "5"},
{"review": "\nAlan, Stu and Phil are set yet again to save Doug by finding Mr Chow.\nSo there are three things about this movie that I really didn't like.\nFirst, there was the same plot about Doug missing. Damn, that guy must\nhave played only for a few minutes at the beginning and at the end to\nevery movie. Secondly, there were no jokes. Maybe the third hangover\nwas not meant to be a comedy, because it was more like an action\ngangster movie, which is not necessarily bad, but its the third movie\nof a successful comedy series, why change that? And finally, there was\nno hangover. Why call it that and then replace it with a whole new\nstoryline? That doesn't make sense. So, the movie mainly concentrates\non Alan, and his character, another puzzle to solve that will never be\nsolved as the movie never goes deep enough to actually deal with its\ncharacters. So, 4 out of 10.\n", "score": "4"},
{"review": "\nThe film is really loved by millions. It does not often happen. Many\npeople watched the film, there is a great desire to continue it. And\ndespite the fact that the creators are not in a hurry to shoot a\nsequel. Many people continue to ask them about it in different ways.\nMany people remember the feeling of pleasure at watching and people\nwant to experience it again. The film carries a sea of positive energy\nhere and fun. The film is not over, and another part needs to be done.\nAlways with their favorite characters. Hold a vote for a good movie.\nAnd suddenly we hear the filmmakers. Vote for the hangover 4! We are\nsure to hear it. http://hangover4.com\n", "score": "10"},
{"review": "\nI believe that haters missed the scene after credit.It was so awesome.\nGrab a DVD guys.The main theme has indeed changed a lot. However there\nare adventures as the old movies. But there was no hangover,but here\nwas super cool scenes in the movie. The Caesar's Palace scene was one\nof the best scenes in the movie,totally hilarious. The scene which the\nboy get shades is LEGENDARY. I loved this movie. All characters were\nfunny. The movie deserves at least a 6.8. Its cool AND haters who\nmissed the post credit scene. It would be better if you grab a Unrated\nDVD and watch THAT scene.The movie name is \"The Hangover\" but the\nproblem is that there wasn't any hangover in the movie and that's what\nmakes this one a lot less funny than the previous two\n", "score": "7"},
{"review": "\nIt was not as good as the first. He had high expectations for this\nmovie, but when I went to the cinema to see it, hoping for more, do not\nsay that was not good, but I missed most of history argument. The film\nfilm still managed to get the whole room to laugh, not to mention the\nactors that are a spectacle. But I was curious to know what happened at\nthe end. The actors are comic, where during the whole movie make us\nlaugh, the story is very basic, but not counting on it makes us laugh,\nChinese is a mesh, which makes us laugh so stupid, and I am just\nwriting all gibberish to fill sausage, because it is ten lines need to\nbe able to pass it, if it has some connection. Because at this point I\ncould write ten lines.\n", "score": "8"},
{"review": "\nWell, this one was different. I was worried it'll be another twin\nbrother of the original movie. But it was nice to see something new and\nawesome and they ended the trilogy very nicely. I loved the way it\nconnects with the first part, and re-entry of some characters from it,\nespecially Tyler/Carlos.<br><br>Todd Philips has experimented a different making style, which does not\nmatch up with original essence of the series, but it was worth a shot.\nPerformances of the cast does not require any special words.<br><br>Overall, I loved the movie. Saw a lot of bad reviews on this site\nitself but I tend to disagree with all of them. This one is a fine\nconclusion to a good trilogy.\n", "score": "8"},
{"review": "\nWhy so many people said that the hangover part III is a disappointing\nfilm well it's not i founded it a funny movie,well at least this part\ndidn't copy the hangover I story line like part II it was another story\nbeside i was glad that the franchise ended this way,now i don't want to\nspoil you but a big change will happen in the end,OK now lets talk\nabout the story this movie takes you back to the hangover I characters\nand Mr show is back with more hilarious take out than before,i liked\nhow marchel wanted to kill Mr show by sending the wolfpack to drug him\nand send him to marchel but here when the twist happened and everything\nwent totally wrong, i loved the movie it's not as good as the hangover\n2009 but it was entertaining\n", "score": "9"},
{"review": "\nFirst of all i want to say that i really enjoyed this movie. But\nunfortunately it wasn't that funny. This movie i see more as an\nadventure movie more then a comedy. Don't get me wrong there was some\nfunny stuff in it but unfortunately it was just chuckle funny. But man\nwas it entertaining! Plot: (Taken from IMDb)In the aftermath of the\ndeath of Alan's father, the wolfpack decide to take Alan to get treated\nfor his mental issues. But things start to go wrong on the way to the\nhospital as the wolfpack is assaulted and Doug is kidnapped. Now they\nmust find Mr. Chow again in order to surrender him to the gangster who\nkidnapped Doug in order to save him. Overall i think it's a great movie\nand definitely worth seeing. But if you're not a big fan of the other\ntwo Hangover movies then wait for it to come out on Blu-Ray/DVD and see\nit then. Thank you for reading my review!<br><br>/Alexander\n", "score": "6"},
{"review": "\nSo, the movie is not a total disappointment, and with that being said\nit is definitely not as funny as the first...or the second for that\nmatter. There are plenty of laughs, action, and classic Wolf Pack\nadventure, but it seemed a little flat and predictable to me.<br><br>Things I liked: Zach Galifianakis, who plays the strange yet lovable\nAlan. A love interest for Alan played by the funny Melissa McCarthy.\nThe wild adventure that the guys end up going on.<br><br>Things I didn't like: No Hangover. Just a little to much Mr. chow. Did\nI mention No Hangover?<br><br>Like I said not a total waste, but I should have waited for the DVD.\n", "score": "6"},
{"review": "\nWell, in order to enjoy this 3 installment I thought I should get the\nfirst two DVDs. I did and enjoyed them for the most part. Gotta say,\nBradley Cooper only gets better looking so the eye candy factor was\nworth sitting through some of these movies.<br><br>I was looking forward to #3. I found it to be the smartest one with\nregard to the comedy aspect. Some of the physical comedy, glances and\nlines were really good. I liked the storyline, too. Totally\nunbelievable but entertaining. As the movie was coming to an end I was\nfeeling happy and satisfied...and then came the ending. Really? Did he\nhave to do that? Did he have to show that? And frankly, that was not\neven funny...not the line, not the delivery, not the uh, er...well,\nnothing was funny about the ending.<br><br>For me that took this movie and put it right in the corn-ball trash\ncategory. They did not have to go for the shock value and I don't know\nwhy someone who could didn't stop it. From classy comedy to trashy,\nthat's how it was for me. Puleeze.\n", "score": "5"},
{"review": "\nI had very low expectations and even those weren't met . H1 was good\nand that's where it should've ended. H2 was bad , the $100m budget for\nH3 may have been spent on marketing and possibly on the opening 5\nminutes and royalty cheques were cashed in very soon and no one was\nreally bothered about the comedy as the laughs were simply non existent\n- hope those who were tricked into the cinema got their money back -\nplease don't make H4 - Please it just waters down the brand - OK\nAiplane 1 &amp; 2 were both good but rarely do comedy sequels measure up\nthey're just a cash cow - look at the Police Squad films - hopefully\nDumb &amp; Dumber to might buck the trend :)\n", "score": "1"},
{"review": "\nTrust Hollywood to take a good movie and wreck it by making mindless,\ncraptacular sequels. <br><br>The first Hangover movie was good: hilariously funny at times, and more\nintelligent than your average Hollywood slapstick. It did seem to run\nout of new ideas and steam at about the 1 hour mark though.<br><br>That concluding lack of steam and originality carried through to The\nHangover II. It was pretty much a copy-and-paste of the first one.\nDifferent location, but very similar plot (and, obviously, the same\ncharacters). Interesting at times, but mostly fairly predictable and\nmundane.<br><br>The Hangover III is even worse. Stupid, pointless, not funny at all.\nZach Galifianakis' character, always the worst and most irritating\naspect of the Hangover movies (or any movie he is in) is even more\nirritating than before.<br><br>Hopefully there is no Part IV.<br><br>Avoid.\n", "score": "2"},
{"review": "\nThe order of the trilogy is as...the first being the best and funny as\nhell. The second only able to be funny in a few parts and mostly\nunmemorable. This installment, however, is absolute garbage. I watched\nthis the other night and it suuuuuuuuucked! Zach Galifanakis just blows\nin this thing. You want to absolutely just smack this dude. His\ncharacter is awful and this guy isn't a good actor anyway. Kim Jeong's\ncharacter was also annoying and not funny. This was just for the money\nand not the intent to humor. The actors must look at this and ask\nthemselves why they did this disaster of a movie other than getting a\nnice paycheck I am sure. Please don't waste your time watching this\nsteaming pile. It is a total letdown.\n", "score": "1"},
{"review": "\nI never post bad reviews but you know some films just generally need to\nleave it at the first/second film. This film is actually pointless. It\nhas lost the whole agenda that the first film was popular for. All this\nis, is a fighting film. Its just action and that's not what the whole\nconcept of the films are about. I think they have tried to be different\nwith this approach but they have failed badly. <br><br>What I like about the first two films is that they are funny, Alan can\nactually make the audience giggle. In this film he tries too hard and\nmy facial express didn't change one bit. I think this was such a waste\nof money to go see and I feel ashamed for the production company as\nthey make the whole franchise seem awful. I would not recommend this to\nany viewers unless they are under 12. Oh wait you need to be over 15.\nTerrible movie.\n", "score": "3"},
{"review": "\nI found the first 'Hangover' film funny, but somewhat overrated. The\nsequel I found less funny, but conversely underrated. The third (and\nreportedly final) chapter... well, let's say that it deserves its\nreputation.<br><br>'The Hangover Part III' ditches the \"What happened last night?\" formula\nfor a more straight forward story. On the plus side, at least it's not\na re-hash. On the down side, the mystery aspect was the best part of\nthe first two films.<br><br>The cast all seem fairly bored here. Cooper, who has become a\nlegitimate movie star in the interim, seems downright embarrassed. Even\nGalifianakis and Jeong seem like shadows of their former alter-ego\nselves this go-round.<br><br>Darker than its predecessors, 'The Hangover Part III' is a sporadically\nfunny, but ultimately disappointing note to end this saga on.\n", "score": "5"},
{"review": "\nThe Hangover Part III<br><br>The easiest way to cope with a hangover is to build your tolerance by\nbecoming a full-blown alcoholic.<br><br>Unfortunately, there are no libations in this comedy to binge upon.<br><br>When he goes off his medication, Alan (Zach Galifianakis) causes a\ndisaster that subsequently kills his father.<br><br>Asked to escort him to rehab, his brother-in-law Doug (Justin Bartha)\nand his friends Phil (Bradley Cooper) and Stu (Ed Helms) drive Alan to\nArizona.<br><br>However, a kingpin (John Goodman) commanders their vehicle, takes Doug\nhostage, and orders them to bring him Mr. Chow (Ken Jeong).<br><br>But to do that they must help Mr. Chow steal millions.<br><br>The final installment of the series, Part III is more of a teetotaling\nmanhunt for an annoying character than it is the hair-of-the-dog comedy\nthe franchise started as.<br><br>Furthermore, to prevent hangovers, after every drink at the bar: take 2\naspirins and eat a stack of pancakes.<br><br>Red Light<br><br>vidiotreviews.blogspot.com\n", "score": "4"},
{"review": "\nObviously, Todd Phillips completely milked the concept of The Hangover\ndry. He didn't even stick to the same concept, indeed we're not in the\npost-party morning situation anymore, where the Wolf Pack has to put\nthe pieces together. Here, we're dealing with a little inspired script\nthat doesn't have that freshness and craziness the first two opus had.\nMost of the scenes are laborious and only a handful of lines barely\ncrack the viewer a smile. As one expected, the quality of the series\nwent decrescendo with a very good first opus, a second one already\npretty average, and this third one ending the franchise on a mediocre\nnote.\n", "score": "4"},
{"review": "\nI was curious to know when I saw the first trailer of part 3, I was\ncurious to know that what would happen next in story.. and when i saw\nthe film despite receiving many negative reviews that the movie is not\ngood, i was feeling that they are out of their minds! the comedy was\nbalances, although story was not up to the mark but perfoemances of all\nthe cast especially galifiankis was hilarious!! And rather this movie\nis a little bit intense and some sound effects also were intense, it\ndoesn't take away the fun and frolic moments for this movie!! Better\nthan the 2nd movie but not from the first but a perfect ending to the\ntrilogy that made us laugh since 3 years!\n", "score": "9"},
{"review": "\n(spoiler alert!)I will be honest, I didn't like it at all. I was a fan\nof the first one, I haven't watched the second one and for some reason\nI went and watched this one. I feel like it was made for no reason at\nall. It doesn't have clear punch line. Not to be all negative, acting\nis great, there are some funny parts, but overall I am quite\ndisappointed. Bradley Cooper is amazing, as well as Zach, who stayed\ntrue to his role. Somehow, I feel it was quite boring, not really\nbelievable, honestly, almost fallen asleep in the theater. On the other\nhand, there are some great landscapes of Vegas and desserts, which you\nwould like if you are not really paying attention on the main action.\n", "score": "5"},
{"review": "\nI think it lacked some things. It do not look like the other films and\nit's disappointing. The humor was still fun, but it could be more fun\nif it had looked like the others. The end was brilliant. The play of\nZach and Melissa McCarthy was really good. Really think they can so\nmany things in their professions and impress me. Bradley Cooper also\nmade it well. A talent, you can admire. I will not make any spoilers,\nso I destroy it for the others. I came into the theater with the\nexpectation that I would get a good laugh. I came out of the theater\ndisappointed and it was too bad. I asked many questions about why it\ndid not happen? Conclusion: Disappointing\n", "score": "4"},
{"review": "\nA lot of people didn't like it. But I did. I thought it was hilarious,\nbut then again I have a weird sense of humour. I thought it was good\nthey did something different and I'm glad they didn't do another\nhangover, because it would just be too similar. Even though it being\ncalled hangover, and there being no hangover in it (except the end) it\nwas awesome. I loved that Leslie how was more of a major character in\nthis! He's so funny! I think this movie was a good closure to the\nseries, but I still think that the first one was the best, the other\ntwo are still very good and amusing. I would have been disappointed if\nthey haven't made one more, so now I am content. They also provided\nclosure the the story of Alan, which I think was really necessary and\nit was a happy ending. :)\n", "score": "8"},
{"review": "\nThe Hangover Part Three is a fantastic movie with a surprisingly\nthrilling storyline that is a lot more serious and dark than the\nprevious installments.It definitely wasn't as good as the first,but I\nthought it was a huge improvement from the second,mainly because it\ndidn't follow the same formula as the previous two,I don't understand\nwhy the movie got negative reviews,I was very pleased and thought it\nwas a brilliant farewell to these characters I've loved since 2009,they\nwrapped up a lot of loose ends and I really loved that.The cast are as\ngood as ever,and I think the best performance goes to John Goodman,his\ncharacter was scary and very intimidating,an almost Oscar worthy\nperformance.Fans of the previous two Hangover's will definitely be\nhappy with this final farewell,but if your like me,your gonna wish\nthere was more,id be happy with another three movies,thats how much I\nlove these characters.<br><br>When Doug is kidnapped by a man who Leslie Chow stole gold\nfrom,Phil,Stu and Alan must find Chow in order to save Doug's life.\n", "score": "9"},
{"review": "\nI don't really know why everybody is the giving this sequel negative\nreviews. I can't believe it's 6 out of 10 on IMDb. I'm a huge fan of\nthe Hangover and I gotta tell you that i didn't really like the second\nsequel it was a copy of the first movie but this one is really good. it\nkeeps you on the edge of your seat, the wolf pack are amazing as usual,\nken jeong is epic and it's hilarious. I really loved the movie. I\nwatched the movie and I wasn't really expecting it to be good because\nlets face it every sequel on earth is the same as the first one. what\nmakes a sequel ? a great movie , a great idea and when you try to make\nanother one you will always fail to bring the same excitement. maybe\nbecause every one expects to watch a movie just like the first they got\nso disappointed but believe me it's not bad at all.\n", "score": "8"},
{"review": "\nWell, the plot is without any hangover, not so smooth and has less\ntwists, but the run is logical and includes several funny and warm\nmoments. Animal-related scenes are not to everyone's taste, but the\nshare of dirty sex jokes has significantly diminished (in order to\nwiden the audience?).<br><br>As for the cast, the 3rd movie is focused mainly on Zach Galifianakis'\ncharacter Alan Garner (ZG outperforms all his co-stars); Ken Jeong as\nLeslie Chow and John Goodman as Marshall provide catchy performances as\nwell. The other characters are less elaborated and even a splendid\nactor like Bradley Cooper has to strain to the utmost. Female\ncharacters are sketchy and nothing special, they appear seldom on the\nscreen.<br><br>If you at least tolerated Hangover I and Hangover II, then you could\nwatch the final series as well as it rounds up the trilogy in a nice\nmanner.\n", "score": "7"},
{"review": "\nSo this has been panned by nearly every critic and I can see why. If\nyour a critic and you see every film that comes out a year, you'll\nprobably find this unoriginal, not funny and boring. Which is fine but\nif your fan you will most likely enjoy this more. In this case I was a\nfan of the first film, I kinda liked the 2nd and this one was also\nokay. <br><br>So I thought this was better than the 2nd. (Not by a huge margin) It\nhas its laughs consistently, but they were small laughs, almost\ngiggles. Just enough to keep you entertained. The film was pretty much\nabout Chow and Alan. If you like those two characters then it makes it\neasier to enjoy the film.<br><br>There's just not much to say about this film, there nothing much wrong\nwith it, expect just being a mediocre film. So Id recommend just\nwaiting for a DVD/Br purchase of this film. <br><br>My overall rating is.<br><br>3/5 Stars.\n", "score": "6"},
{"review": "\nWe liked the original hangover 1 and were impressed with Hangover 2\nDespide the fact that the storyline was more or less the same still\noriginal and a lot of funny moments. Also the new location Bangkok was\ngiven Hangover 2 something original. Our expectations on hangover 3\nwere high. We hoped on a new original adventure of the wolf pack. The\nmovie is a total disappointment. A thin story, hardly any original\nmoments. A classical example of making some money based on the success\nbefore. It looks like that even Mike Tyson was not performing on stage\nto save some money. Lets keep the memories off the wolf pack based on\nno 1 and 2.\n", "score": "2"},
{"review": "\nI have to say after the second movie (which was in essence the first\nmovie in every way but just a different setting) I wasn't even planning\nto see this at the cinema. When we couldn't see another film and a\nfriend wanted to see the hangover I thought I'd give it a go. From\nstart to finish I was laughing out loud so much so that I think I gave\nmyself a stitch. It's an uncomfortable a watch as ever and the\ncharacters do really seem to have come in to their own. I think time\nwise it's the perfect length and I didn't find myself clock watching as\nsometimes happens when this type of film. If you do see this film as\nwith all the others make sure you stay till the end credits as there is\na little treat for everyone. Well worth a watch and a great, if not a\nlittle emotional send off to the trilogy.\n", "score": "7"},
{"review": "\nThe Hangover III is tremendously funny and had me clutching my stomach\nthe whole way through. <br><br>I thought it was hilarious, had good action scenes and just the right\namount of nudity. Okay maybe a little bit more than the right amount\nbut I could handle it. <br><br>On the other hand, it wasn't the best film out of the trilogy and\ndidn't follow the normal pattern of a bachelor party gone wrong, but it\nwas a great laugh. <br><br>I recommend you watch The Hangover I &amp; II before you see III, you don't\nhave to but for those people who like a story-line, The 3rd film would\nmake more sense if you did. <br><br>P.S Watch out for the surprise at the end. Brilliant cliff-hanger. <br><br>- xoxo\n", "score": "7"},
{"review": "\nNone of the three Hangover movies have been spectacular, but the two\nfirst ones were quite amusing. The Hangover part III however, is\nanother story. The movie started off very dull, and the supposed funny\nscenes were by no means amusing, its was just stupid. The part about\nthe giraf could have been funny, if it hadn't been used in ever SINGLE\nadvertisement for the hangover!. However the plot does develop, just\nnot into anything good. The whole concept of hangover, and the feeling\nof \"shit, that's happened to me\" does not apply to this movie at all.\nThere is nothing anyone can related to, unless they have been involved\nwith gang-people ofc. I know I laughed three times during the movie,\nonce it was actually genuinely funny, and the other times I laughed\nbecause I felt stupid having wasted so much money watching this movie.\nIt is simply just a fail. However, based on the ending of the movie,\nthere is potential for a 4th one, but the 3rd one should never have\nbeen made. It dragged on, had little funny content, and the actors\nseemed bored as well.\n", "score": "3"},
{"review": "\nFrom hangover 1 to 3, it is a constant downward graph of entertainment.\nI loved the first movie and somehow accepted the second as an average\nbut this is truly a disgrace. The storyline was very weak, although\nacting was good but that was not enough. The plot was too stupid and\nshort, hard to believe that it came from same brilliant minds who made\nthe first movie. It seemed like everyone in this movie were forced to\nwork on this project. <br><br>Although there were some funny moments by Zach, who was the main\ncharacter in this movie. Other characters like Bradely and Helms were\nmerely a supporting cast in this movie. Everyone can easily skip this\nmovie and watch the first Hangover movie again!\n", "score": "4"},
{"review": "\nSo I came to a movie theater, sat through this film for 100 minutes and\nwhen the credits started rolling I was like, \"OK guys, the joke was too\nlong, and now show me the real third 'Hangover' that I came to see. It\nturns out that there is no real third 'Hangover' and we have to get\nwhat's given. And what's given is too little. Yes, the first two films\ndid well in the box-office so the third part was inevitable but it's\nnot an excuse for this film being such a lifeless comedy. There is no\ndrive, no epicness that were in parts 1 &amp; 2. The Wolf Pack look tired\nand absolutely not interested in being in this film, some other\ncharacters appear just to show a familiar face and don't have memorable\nscenes and the storyline feels superficial and concocted out of thin\nair. Yes, I did have a couple of good laughs and maybe it would work\nbetter as just another comedy but you expect much more from a Hangover\nmovie.<br><br>5/10\n", "score": "5"},
{"review": "\nThe movie isn't a total failure after all... Although they have changed\nthe formula from the first 2 films, the movie would have been somewhat\nbetter in my opinion if it was more like the first 2, making the scene\nat the end the only thing that stayed true to this franchise. The plot\nwas pretty stupid and the whole film is pretty much only based on only\n2 characters, Alan,played by Zach Galifianakis and Mr Chow, played by\nKen Jeong, making the others rather forgettable.<br><br>Overall.. This movie could've been a lot better if they thought of a\nbetter plot. <br><br>Rating: 4(+1 for ending scene) = 5\n", "score": "5"},
{"review": "\nI went into this film feeling optimistic, as I loved the first two\nfilms; they were both funny and original. Hangover part 3 on the other\nhand in not. I don't remember coming out of a comedy, even if its crap,\nand not laughing at least once. This film felt very long and lacked\neverything a comedy like this should have. They also ruin the character\nAlan in this movie, which I thought would have been an impossible job\nbut they managed to do it. He comes over, yes as a retard, but also as\nan ass and a character that I loved in the first two movies I now\ndislike in this film. The only good thing about this film was the plot\nline. I thought the plot was actually stronger than the other two\nmovies and I know I would have enjoyed it a lot more if it had any\nfunny bits at all. Todd Philips brings us a disappointing and\nhumourless ending to his trilogy. This film in my opinion is a waste of\ntime and it is not one I will be watching again. <br><br>2.5/5- poor!!!!!\n", "score": "5"},
{"review": "\nHangover plays into all the clich\u00e9s of great films with little to no\nhumor. To start of, in the beginning of the film the director make a\nparody to Shawshank's Redemption. What a disappointment....my question\nis why start of the film that way. Not only was it not funny it felt\nlike a mockery of one of the greatest films of all time. Throughout the\nfilm there were a few chuckles here and there especially at the end. If\nyou watch this at the theaters make to stay to was the ending credits,\nthat was the funniest part of the entire film. With so much hype about\nthe film I expected more. The plot and storyline was too scattered. Las\nVegas should have been the center point to culminate the film and it\njust became a backdrop to a lackluster ending. To simply put it...what\na shame I expected better.\n", "score": "5"},
{"review": "\nI liked The Hangover(2009) it was funny, edgy, and entertaining. The\nHangover part 2(2011) was a rehash of the first one, but it was funny\nso that makes it passable. But The Hangover part 3(2013), was none of\nthe above. Don't get me wrong, I'll give them credit for trying to go\nin a different direction, but why call it The Hangover, when there is\nno hangover, why not just call it The Wolfpack, and people would still\nbelieve it was hangover sequel.<br><br>The comedy was not even hit and miss, it was just a big miss\ncompletely. It's less on laughs, and more on being a crime thriller,\nand it fails miserably. The cast this time just can't make it work, it\ndoes not look like they are having any fun. Ken Jeong as Chow was funny\nin the first two, but here he is nothing more than a one big headache.\nI just couldn't wait to get out of there. For a good time, not this\none.\n", "score": "3"},
{"review": "\nThe summary actually sums it up. Too much of the same kind of lewd one\nliners which the same expressions and actions gets too suffocation to\nthe point of cloying. The first part was fantastic, the second was a\nlittle lower in standard and that is when you know you stop the\nfranchise, but unfortunately everyone in Hollywood is so bent on\ncontinuing franchises and this is the result. <br><br>Throughout the movie, you could see similarities to previous ones,\nsimilar situations, similar dialogues, one liners. The movie lacked\ncreativity, it did not seem like a different movie. It was more of a\nmodified version of the previous editions. <br><br>Not saying it was totally bad. Some of the scenes really did make me\ncrack up, its just they were not enough. Please stop now and don't\ncontinue the franchise coz it will only end in disaster.\n", "score": "3"},
{"review": "\nIt's kind of funny. When Hangover 2 came out, people criticized it,\nbecause it was more of the same. It was basically a remake of part 1.\nThough I still do wonder why \"Very bad things\" did not do as much\nbusiness as those movies. But anyway, now they try something different\nand people are mad, because it's not a rehash of the previous movies.\nIt does actually try to tell a story.<br><br>Don't worry though there are still many elements that make the movie\nfeel like it's Hangover. Like our \"pack\" trying to find/figure out\nsomething. Also a character that gets forgotten, has a similar fate but\nwith a twist. And don't think because there is no hangover, there will\nbe no hangover! You'll get that by the end of the movie. So while\npeople cried, this actually is better than the second one\n", "score": "7"},
{"review": "\nThis movie freaking blows. Wasted my time with is, don't waste yours.\nThey completely dropped one of the main characters. Then chose to drop\nall the comedy from the movie. They all kept saying it was the best of\nthe three during all their promotions for the movie knowing full well\nit was a lie. This movie is like that one friend everyone has that goes\nfor every lame joke that comes to mind and maybe gets one laugh out of\n50 attempts. I don't believe even teenagers will find this movie funny.\nIt was a lazy attempt at comedy that end the end turned out to be more\nof a crappy action/crime movie. The only reason I gave this a three is\nbecause I have watched the others and I am now happy to see an end to\nthis series.\n", "score": "3"},
{"review": "\nI went to the cinema with my sister out of the blue, and this was the\nonly movie we could see at that hour... so we went in since i saw \"the\nhangover part 1\" and i thought it was decent comedy.<br><br>It was nowhere near as funny as it should be, since it claims to be the\ncomedy. If anything - it was stupid and silly. I kept repeating to my\nsister that the first movie was so much better, and she kept yawning\nand checking her smart phone and texting and... She was bored to death\n(especially not knowing any of the characters from before).<br><br>It was such a disappointment. Thumbs down.<br><br>Seuels are a bad, bad thing :)\n", "score": "3"},
{"review": "\nThere are lots of laughs old and new surprises high octane comedy\naction drama don't listen to the other reviews its a lot of Zach\nGalifianakis maybe they don't like him I don't know they don't know\nwhat they are talking about maybe they where hung over also but really\nit is stupid but stupid brilliant it was funny start to finish unlike\nthe last hangover s where they fill the beginning with fluff then had a\nstrong finish laugh the whole time once again good tempo short &amp; sweat\njam packed with comedy gold in my opinion go see it trust me all in all\na good end to a good comedy trilogy wait for end credits of course its\nthe hangover\n", "score": "8"},
{"review": "\nLook, I can understand why some may be disappointed by the third\ninstallment of Hangover. I get it, really. I find that the masses do\nnot really \"get\" dry humor and thus find things that are funny (to\nthose that do \"get\" it) as unfunny. I do not understand the complete\nhate and lack of understanding towards this film.<br><br>Part 3 was loads better than Part 2. It has some definite sentimental\nmoments and it opens and closes chapters in Alan's life. Mr. Chow was\nhilarious, Alan was hilarious. Doug - like always, had no part in the\nmovie, other than his usual. Stu and Phil added the much needed \"Get\nwith it!\" moments for Alan. <br><br>This was a great movie. It was hilarious and the theater was only quiet\nevery few minutes. Definitely some great moments, a lot of good\nmoments, but rarely any \"um..\" moments. I urge you to see this film if\nyou're into Zach Galifinakis; skip it otherwise.\n", "score": "8"},
{"review": "\nThis is what happens when one tries to force a capstone film on a\ntrilogy that really did not need one. The fact is that the first two\nmovies were big because the first one had a refreshing and unique take\nto it and let's be honest, the sequel just recycled it. This movie\neschews that formula entirely. In fact there is no \"how did this\nhappen?\" hilarity but rather a lot of bland, forced narrative. In fact,\nits biggest mistake is taking the two characters best used as momentary\noner-liners and scene-stealers and trying to develop a whole movie\naround them. It leaned far, far too heavily on the very dry Alan and\nthe 'Chow' character. He was a million times better jumping naked out\nof a trunk.<br><br>They avoid exactly what made them great to force a storyline that\n'wraps up' the trilogy. Unfortunately, as many have noted, the last\nscenes are more like we'd expect.\n", "score": "6"},
{"review": "\nThis part of the Hangover let down the series. This part shouldn't have\nbeen made. A little or no comedy film of the comedy genre. If u like\nthe Hangover I &amp; II,u will definitely hate this one. I honestly didn't\nlaugh even once until after the conclusion. Even then, a few minor\nchuckles at best and the after credits stuff is mildly amusing. This\nwas a very strange way to end a trilogy that started with what I found\nto be comedy gold. The story advanced pretty well, with no actual\n\"Hangover\" this time.<br><br>\"The Hangover 3\" is easily the worst installment of the three, and a\nfilm that should've absolved the makers of making the scummy sequel to\nthe fine first.For me, it was nothing more than a wearisome end to a\nfranchise that could've been so much more.\n", "score": "5"},
{"review": "\nLet's not kid ourselves sequel's that improve in quality are few and\nfar between! and the Hangover follows suit. The original was worth all\nthe hype and more, hilariously funny, nonsensical but surprising with\nlaughs from start to, wedding singer, finish. Number 2 saw the\nscriptwriters shock more than humour the audience, way too over the top\nfor my liking. As for number 3, well there just isn't the laughs, Alans\nawkwardness has become just awkward and lost the amusement, Chow gladly\nkeeps his clothes on, that being the best thing about his character in\nNo.3. The story runs out like a poor book that you think you may have\nread before, one or 2 laughs and the inclusion of a poor run down for\nthose not having seen the first or second installment. Watch the\noriginal again and remember just how funny it was the sequels just\ndon't cut it.\n", "score": "4"},
{"review": "\nThe movie is OK,but it's not related to Hangover 1 and Hangover\n2.Well,there's no hangover in this movie.The action is well\noutlined,even if the movie is not funny,the action will keep you in\ntouch.By the way,there are not so many funny moments in this movie.It's\nmostly an action movie,which can keep you entertained.Related to the\nfirst and the second part,this movie is not so funny and the title is\nno more related to the narrative line,which is a good one.However,it's\na good movie to watch if you are bored.Until I watched this movie,I got\na lots of reviews from my friends,who told me:\"It's a horrible\nfilm\",but I still wanted to check if they're right. In conclusion,it's\na good movie to watch but it's not even close to Hangover series.\n", "score": "6"},
{"review": "\n\"The Hangover Part III\" is the worst movie of The Hangover Trilogy.\nWillngly or not when you have a trilogy you get into the comparison\nprocess of the movies there are.<br><br>Except of a really nice and unpredictable start of this movie the rest\nof it was really below average and I was really disappointed of it.\nThis movie has to do of course with another Hangover but this time is a\nlittle bit different from the two other times. In this movie the three\nfriends are trying to track down Mr. Chow.<br><br>Finally I think that the story and plot of this third movie was a\nlittle more interesting from the other two movies but that was not\nenough for making this movie better.\n", "score": "6"},
{"review": "\nOMG!!! What a disappointment.!!!! The last installment from the\nHangover Franchise is one of the biggest disappointment of the year.\nThe comedy is really boring. The movie lacks the plot and the\nscreenplay is really embarrassing. I didn't expect this kind of treat\nfrom Todd Philips (Hangover &amp; Due Date were excellent, Hangover 2 was\nOK). But this was terrible. Zach's comedy was also irritating and\nnothing new in this movie. And in fact, the one of the worst movie of\nthe year.. I don't know, why Todd Philips produced this kind of stupid\nmovie.<br><br>I will give 4.5 on 10\n", "score": "4"},
{"review": "\nThe same cast is back for more shenanigans, but without the same\neffect. Alan has become a caricature of himself, and it really seems\nlike they're making more movies just for the sake of it. The laughs are\nfew and far between, and the movie simply doesn't have the energy of\nthe first part. The post-credits scene just seems thrown in to leave a\npossibility of a sequel, and was not necessary. John Goodman's\ncharacter could have added a lot more to the story, as we've seen him\nin other comedies. Leslie Chow also has the same problem of Alan, with\nhaving become a caricature of himself. I would recommend this movie to\nfans of the hangover since it has the same cast, but not the same\ncomedic value.\n", "score": "6"},
{"review": "\nAfter winning over the accolades and warm reception from both critics\nand audience for the The Hangover , the 3rd in the series of Hangover\nhas nothing new to offer with bland story and unsatisfactory ending.<br><br>When one of their members is kidnapped by local mafia , the wolf pack\nmust track down Mr. Chow who vehemently escapes the prison and is on\nrun with mafia's gold.<br><br>There was no point in continuing the 3rd series until you have a very\nstrong script and story to support it. Hangover part 3 has nothing new\nto offer with few rib-tickling scenes. Direction is below the mark\nalong with unengaging screenplay. Editing is crispy. Art direction is\ngood along with cinematography. Story line is weak. Performance wise,\nall the actors play their part fine.<br><br>Overall , Hangover 3 has nothing exciting about the series. It is\neasily forgettable once you leave the theater. Average 2.5/5<br><br>Join me on www.facebook.com/FilmyChowk to read more movie reviews\n", "score": "5"},
{"review": "\nA desperate attempt to make a COMEDY movie series end with\nemotional,weird stuff. If you ask me,the movie is almost completely\nhumour less. It's like Ocean's Eleven and Tower Heist combined and the\njokes removed.<br><br>Chow did so many sins its hard to count. Double crossing so many\ntimes,listening to lil wayne. Ed Helms is still a nerd (only worth a\nwatch in the post credits), Zack is not funny, Ken is not funny, At\nleast Bradley is still handsome. The movie is enough to make a comedy\nloving guy fall asleep and drool all over his shirt,if you wake him up\nhe'll be able to tell what's going to happen scene-by-scene.\n", "score": "5"},
{"review": "\nFirst and second parts of this movie were popular, funny and a great\nsuccess.this third part was a waste of time. No hangover, no actions\nmade by drunk people or something that we are used to, no backgrounds\nactions to see what they do and find out what happened. this is a\ncommon comedy film with 2 or 3 funny scenes, but that's it. Maybe if\nyou are bored and you saw already the best movies of this year, you can\nwatch this but don't expect much. This was a really disappointment\nmovie, and a bigger disappointment if you compare it with the other\nparts. And in the final is a wedding as we are used to in this series,\nbut more like an idea of wedding, no party, no bride, no guests, no\nMike Tyson or something to end a story with a happy picture !\n", "score": "6"},
{"review": "\nI don't know what all the complaining is about with this film. This is\na solid comedy and it lives up to the first film in the series. To say\nthis movie is humorless and not funny at all is crazy. I guess some\npeople just like to complain.<br><br>If this is truly the last episode of the Hangover franchise they went\nout with a bang. This was not the complete rehash of H2. There is\nactually a pretty good story and some good laughs all they way through\nthe film.<br><br>The acting is solid and the jokes are fresh. There are some references\nto the past two movies but that is expected. In my opinion, the move\ndelivers an all aspects. There are a couple of unbelievable moments\nthat happen in order to drive the story but that happens in all movies.<br><br>I would love to see H4 but I know that would be impossible.\n", "score": "8"},
{"review": "\nSince the first hangover (2009) came out I thought it was one of the\nfunniest films I've seen in a decade. Part II (2011) was released and I\nthought the film was OK I found some parts funny but the story was too\nrepetitive. Since the announcement of the third and final film\n(hopefully) I had no interest in it but because of my curiosity to see\nwhat becomes of the wolf pack it won me over. I'm glad to see the film\nmakers take a different approach so it won't be an exact copy of part\none but because of the new approach there were no laugh out loud\nmoments, just a few cheap chuckles. Other then Allen &amp; Chow\nperformances and the only ones in the film that were funny, the movie\njust dragged along. Showing nothing interesting in the film what so\never. I guess because of the new elements they took that's why it\nwasn't at its best nor funniest but they could've done a complete\nbetter job with their jokes. I recommend this film to be seen on\nNetflix at best. RJ's Rating: 1 &amp; 1/2\n", "score": "6"},
{"review": "\nWell honestly I didn't care about the rave reviews which this movie has\ngot. I watched it and felt satisfied. Movie was a laugh riot. Zach and\nJeong are spearheads for the movie. The couple of twists and turn in\nthe movie makes you anxious about the upcoming scenes. Though the\nfemale nudity is less compared to previous parts. And not sure why\npeople are giving this a low rating. This is the only way it can be\nended.<br><br>Personally I am a fan of Todd Phillip movies and Zach. Todd Phillip has\nimproved his screen writing in every movie he gives us right on from\nold school to H3. And Zach what more we can ask from him? If at all\nthey are planning for part 4, they might lose the charm of the hangover\nseries. On the whole power packed entertainer!!\n", "score": "8"},
{"review": "\nPhil is cool,Alan is funny,Chow is funny,Stew is funny and well Doug is\nnot really in the film...the usual. Everyone loves Vegas bar those who\nare members of the wolfpack...John Goodman wants his money back from\nchow...Black Doug still ''hanging out at the Bellogio''...I hate\nMelissa. The premise is hugely related to the unexpected Box office of\nthe first of the trilogy. Carlos again makes an appearance rocking the\nshades. Unfortunately no Heather Graham boob this tiMe. Well worth the\nwatch really is entertaining. Can't understand the reason for the bad\nreviews...no movie follows up to it first!...I hope maybe in 10 years\ntime they realize one more is badly needed.\n", "score": "8"},
{"review": "\nWhy do you people consider the hangover franchise in the comedy genre\n?? Maybe the first part is pure comedy , and the second part is half\ncomedy half drama . On the other hand , the finale of the series that\nis a pure drama , so that's why most people didn't like this final part\nof the franchise , they were hoping to see pure and a lot of comedy in\nthis movie but they didn't so they were disappointed. In conclusion ,\nif you want to watch this movie and like it at the same time you should\nconsider your self watching a drama movie and shallow comedy . In my\nopinion ,this movie was better than the second but not better than the\nfirst . So it's the best fitted epic ending for the franchise.\n", "score": "9"},
{"review": "\nI think critics don't know squat . Hangover 3 is the perfect ending to\nthe wolf pack and everyone's acting is pretty awesome . People , Do not\ngo according to the critics go ahead and watch the film . It is\nabsolutely entertaining and you won't regret it . As with most movies\nthe first part of a franchise is awesome and most sequels do not match\nup to the expectations from them but they are still pretty awesome .\nActing of Ken Jeong And Zack Galifianakas is awesome and to add Bradley\nCooper and Ed Helm do a hell of a job . You should definitely watch the\nmovie and you will keep laughing for the full run time . To sum up , it\nis awesome and must watch for a Hangover fan . Period .\n", "score": "9"},
{"review": "\nAfter reading some of the reviews here , i felt i should just avoid\navoid this movie like the plague.<br><br>Heck i watched it anyways and liked it. If you stop comparing it to the\noriginal you will like it too. The action was not bad at all and the\ncomedy was there often and here wasn't a dull moment . Wont dwell on\nthe story much but if you enjoyed the previous two movies there is no\nway you will be disappointed. Watch it and enjoy and don't let the\nnegative reviews fool you.<br><br>7/10<br><br>Still one line short...so peace out.\n", "score": "7"},
{"review": "\nI am a huge fan of the first hang over movie and this movie is almost\nas good. To be honest I was one of the people who was very disappointed\nwith the second installment of the franchise which was just basically\ndifferent versions of the same events from the first movie but I think\nit works better in this third movie.<br><br>First of all more Zach Galifianakis is always a good idea the guy is\nhilarious and the best part of the first two movies. I think maybe\nthere is too much focus on him as the lead of the third movie because\nhe was so good as the outside character but it still works and is a\nfunny movie, totally worth seeing.\n", "score": "6"}
]