[
{"review": "\nDon't be fooled by the title. Make sure you know what you're getting\nyourself into when you watch this film. Bridge of Spies is literally\nabout the Cold War Bridge of Spies, where Soviet/US spies were\nexchanged through negotiations. This is nothing like \"The Americans\"\n(FX TV drama - for some high unrealistic and over-sexualized espionage\naction - redirect here) and the most action-packed scene you will see\nis Francis Gary Powers getting shot out of his U2 plane during his\nmission. <br><br>Bridge of Spies is really a historical/legal drama. And based on my\npreliminary research, they seem to be getting most of their facts\nright. Obviously a little bit embellished for Hollywood's sake, Bridge\nof Spies does a fine job as a historical docudrama. There is a lot of\ntalking, but it's meaningful talking. At times, the film can be a\nlittle slow {opening scene, especially}, but give it a chance and you\nmight enjoy it. History buffs like myself will definitely enjoy it. But\nthrill-seekers, you're better off to see the new James Bond movie\ninstead.\n"},
{"review": "\nBridge Of Spies is a well acted, thrilling, smart Cold War drama that\nfeatures a Oscar worthy performance from Tom hanks. Bridge of Spies\ntells the true story of a Cold War spy swap, during the height of\ntension between the U.S. and Russia. The time period was so tense that\nwhen films can capture that tone it's usually special, that being said\nthe film doesn't quite capture that tone, but it comes close. Tom Hanks\nperformance, and Spielberg's seasoned direction manage to save the\nfilm. When the film could have been slow, they save it by using either\nhumor, or great acting, Acting that will most likely get Hanks an Oscar\nnomination. In the end Bridge of Spies isn't as good as it could have\nbeen, but is still admittedly a great film that will undoubtedly get\nplenty of recognition at the 2015 Academy Awards.\n"},
{"review": "\nMark Rylance stands out as the best reason to watch this movie. And, I\nfeel tempted to say, the only reason to do so. His lines take the cream\nof the screenplay. I am quite a fan of spy movies. That is exactly why\nI find this to be extremely disappointing as a movie. Seeing Steven\nSpielberg's name come up at the final credits was a sort of cherry on\nthe funeral cake. The direction and the editing are the two most\ndisappointing elements of this production. Then parts of the story. It\nis all so predictable, so clich\u00e9, so d\u00e9j\u00e0-vu. I happened to watch this\nfilm in the weeks in which the BBC broadcast a brilliant 5-part series\nentitled \"London Spy\". That is everything a spy-film fan can wish for.\n\"Bridge of Spies\" is everything but that. Underwhelming at best...\n"},
{"review": "\nI am a big fan of Spielberg and really had high expectations for this\nfilm. However, it was so slow moving that if it was not for the\ndirector name and Tom Hanks I would have walked out of it. Yes, you\nread that correctly. There was really nothing moving about the movie\nand the over saturated directing made it even worse. The main few\nevents were played over and over so much that the end of the story felt\nblaise. Great material and wonderful that it is a true story but it was\nthe most shallow slow moving boring docudrama and I love history but I\nwould not recommend or waste any money on this movie. I give it a 1\nstar and the worst movie Spielberg has made.\n"},
{"review": "\n... but not necessarily a very entertaining one.<br><br>First -- and this is the key to my review --- semi-biographical films\ndocumenting real events do not have to be dull, or tedious, or dark, or\nlack connection with the viewer.<br><br>Look at PAWN SACRIFICE, for example, recently reviewed by this reviewer\nand still very much top of mind.<br><br>And then we have BRIDGE OF SPIES, a two-plus hour opus that one\nsuspects never would have been greenlighted without you-know-who as the\ndirector and you-know-who playing the lead.<br><br>Presumably we are meant to honor the main character's humanity as he\nstruggles against a corrupt (or possibly insane) system to do the right\nthing...? If this was the intent, then even a yeoman effort from Hanks\nfails to make this character connect with the viewer, to resonate. In\nspite of it all, he comes across as a wildcard pick in a game which he\nnever really understood.<br><br>And if the events of the last few years are any indication -- this\nwritten in 2015 -- it was a game the rest of us never understood\neither.\n"},
{"review": "\nSo its a movie featuring The Tom Hanks. Do I need to say more?? This\nguy can turn any movie into a blockbuster. A movie based on true\nincidents that took place during the cold war times and a New York\nattorney(hanks)is in the middle of everything. Could it be any better?\nJames Donavan(hanks) plays the the perfect joker in the negotiations\nand his bluffs do pay off at the end. Mr. Hanks played the character\namazingly well and the story being a real one will give chills about\nwhat it was to live back then in the East/west Germany. Having said so,\nthe direction seemed pretty average. For a man like Spielberg,I expect\nmore. But,then again, maybe there lies the charm. Overall, it's a nice\nmovie to watch.I have now started finding better movies through\nwww.flickstree.com. It not only suggests great movies to watch, it also\ntells where you can watch the movie online.. Highly recommended.\n"},
{"review": "\nI just watched this with my wife, and my eyes were glued to the TV\nthroughout the entire film. but i was waiting for something exciting to\nhappen but it never did. Its just one of those movies where, when the\nmovie is finished, you ask yourself, why did i watch this? Not an AWFUL\nmovie, the acting was superb, but why would anybody decide to make a\nmovie about a trade-off, with absolutely nothing happening?! I add a\nexclamation mark because i feel i wasted 2 hours of my life watching\nthis, AND i absolutely love Tom Hanks. Usually i would appreciate a\nmovie for what it is, and yes, this was a true story, but again, very\ndisappointing, and boring once all is said and done. I know you can't\nchange what really happened, but if i was a director and decided to\nmake a movie i would think of a better idea than this. Now i understand\nwhy this movie didn't do so good in the cinema. The truth is (And\neveryone knows it) this movie deserves nothing more than a 5. if not,\nless. Rant done!\n"},
{"review": "\nBridge of Spies was nominated at the Oscars in 6 category, including\nBest Film, Best Actor Coadjvante ( Mark Rylance who won this category)\n, the cast is good, it has the Tom Hanks that rarely disappoints , and\nthis film even not being one of its best work, he's fine, Mark Rylance\nthis very well, and also has a other good actors , the direction is the\nIncrivel Steven Spielberg , that even not being his best film , not\nenter or in your top 10 in my opinion he sends right here, some of its\nfeatures ta present in this film, the script is good, the soundtrack is\ngood too, Bridge of Spies is an average movie , have a good time , a\ngood end , has a good cast , and direction of the Great Spielberg. Note\n6.6\n"},
{"review": "\nI finally watched this Steven Spielberg-directed drama starring Tom\nHanks on Netflix disc with my mom just now. We were both enthralled by\nthis based on a true story of Hanks' James Donovan-an insurance lawyer\nwho previously was involved in the Nuremberg trials-and his attempt to\nfirst defend Soviet spy Rudolf Abel (Mark Rylance who gave a\nperformance worthy of his Oscar win) and then fostering an exchange\nwith Russia and East Germany to trade Abel for pilot Francis Gary\nPowers and student Frederic Pryor, respectively. It was fascinating\nfinding out later how much of the movie was historically accurate,\nturns out quite a bit. Some scenes would be considered shocking but\nthis was mostly carried by compelling dialogue of which much of it was\nby Joel and Ethan Coen. So on that note, me and Mom highly recommend\nBridge of Spies.\n"},
{"review": "\nBut it's either a very big gap or a very big bridge (or maybe both). So\nto some this may feel too long. What it definitely is true, is the fact\nthat the movie takes its time to tell the (true) story behind it all.\nWhile Spielberg probably took some liberties (as almost every filmmaker\ndoes when they tackle a true life story/incident), this is very\ninteresting and tense stuff.<br><br>Though you wouldn't know when looking at the main character (besides\nthe one Tom Hanks is playing), because of him underplaying everything.\nWas the real person like that? Haven't read much about that, but the\nmovie may take a couple of people to take a look into that. And for\nthat, the movie achieved what it wanted: Putting a spotlight on\nsomething not many are aware of. Spielberg and Kaminsky always deliver\nwhen it comes to settings/camera of course, acting is great too, so\nit's kind of a \"no-brainer\"\n"},
{"review": "\nI like films about spies, especially those are based on actual events.\nThis film is one of the greatest. It tells the story very clear and\nfantastic. It draws me back to that special period of the cold war. The\ntwo campaigns hate each other, they send spies and hunt for them. I\nthink the lawyer Donawin is magnificent and he really changes the\nworld. The exchange is successful, and his fame improves. I hope that I\ncan watch more espionage films like that, such films can take us inside\nthe secretive, interesting, amazing world of spies. I admire the\ndirector Steven Spielburg, I have also seen his films including the\nJurassic Park series and the Schindler's list. I really appreciate his\nfilm style.\n"},
{"review": "\nHanks and Spielberg tackle a Cold War spy-exchange against the backdrop\nof a freshly-constructed Berlin Wall. As one might expect from these\nold masters, it's expertly-crafted and loaded with gravitas; a warm,\nmotivated take on a surprisingly under-explored chapter of recent\nhistory. It does a great job of delicately re-evaluating popular\nsentiment and the bullish nature of post-war international relations,\ntoo, painting heroes and victims on both sides of the dispute. The plot\nis very linear, though, moving on a predictable set of rails from start\nto finish, and that can make it feel preachy when a few of the more\nheavy-handed themes briefly overstay their welcome. A\nfoundationally-strong, workmanlike offering, it's 50%\ndesperately-uphill legal drama and 50% high stakes poker with a set of\ncaptive American souls as the ante.\n"},
{"review": "\nMark Rylance is really really good. I can't believe he hasn't been in\nany big movies before and wish to see him again. As for the movie, well\nit isn't a Schindler's List and won't feature in Spielberg's top 10.\nNor is it a Tom Hank's top ten. It's a regular cold war time movie that\nis biographical and based on the life of James Donovan who was\ninstrumental in prisoner exchange during the cold war and the Bay of\nPigs invasion. It's an interesting story giving an important\nperspective on the cold war. I enjoyed watching the movie, but it could\nhave fleshed out the characters of Pryor and Powers some more. Both of\nthem were unknown actors (seemed like) and their roles totally\nforgettable. The folks from Russia and East Germany also were\nforgettable to say the least. The movie started out well but could have\nended more powerfully in my opinion. Anyhoo, this is worth a watch, but\nI wouldn't peg it to win an Oscar.\n"},
{"review": "\nWith the masterful Steven Spielberg behind the lens, this movie was\ndestined to be amazing. Tom Hanks gave an incredible performance as the\nnon-fictional character, James B. Donovan. I really enjoyed this film\nbecause of that aspect; that it really happened. It was such an eye\nopening film to a true story I never really knew about it. Hanks was an\nextremely powerful and convincing lawyer and it was very interesting to\nsee how his mind worked when it came to dealing with the character\nRudolf Abel, played by Mark Rylance. Rylance also delivered a wonderful\nperformance. Overall, this film was an interesting insight to events\nduring the Cold War and a story that definitely needed to be told.\n"},
{"review": "\nI personally felt this film was not to my taste. I went in expecting a\nnice meaty courtroom drama. Turned out it was something else entirely.\nSomething bereft of any drama at all, really. This film is about a man\nwho faces numerous obstacles that he needs to overcome in order to do\nthe right thing. The problem is that each time he comes across an\nobstacle turns out all he has to do is simply ask someone to remove it\nfor him! And for some reason they do it for him! Every single time! He\ndoes this over and over again throughout the film. It's ridiculous. If\nhe can simply ask for whatever wants then there is nothing at stake.\nThere is never any tension. <br><br>I wish I had not wasted my money. And I wish I had instead sat at home\nwatching a tin of beans heat up in a microwave. And because everyone\nknows you can't put metal things in a microwave, it would have at least\nprovided more drama and more tension than the entirety of this very\nlong and very boring film.\n"},
{"review": "\n1. The best thing in this movie I gotta say was the acting quality.\nEveryone was great, spot on! Specially Tom Hanks and Mark Rylance! They\nhad 2 hard roles and they did amazing. They were the reason why my\nrating was hijacked a bit more. 2. I was very glad with the way the\nstory was told. The way the emotions were distributed along the movie.\nRight amount of everything on the right moment. At any moment I felt\nthat we were being given high drama to pull for our emotions just to\nlike the movie ore. No. Everything was honest and sincere. The story\nwas very well told. 3. The sets, costume and make-up were all very well\ndone. I definitely recommend to watch it!\n"},
{"review": "\nThe movie is entertaining but with a very foreseeable sequence. When\nSpielberg films about Germans he has become a clich\u00e9, to the point that\nit seems that in real life he has strong feeling against them.<br><br>Spielberg exalts the American values (not something that is bad) at the\nexpense of creating a very black-and-white reality point of view. Once\nagain, the movie is nice because of several factors (performance, the\ncreated atmosphere, etc.), but it is not intelligent enough to motivate\ndeeper reflection. <br><br>While the \"good guys\" have richer shades of grey, Spielberg almost\nalways portraits cartoonish \"bad guys\".<br><br>The good thing about this movie, is that as a Walt Disney movie, it has\na high motivational value that with a happy ending, help people to\nenjoy the time.\n"},
{"review": "\nIts a very sensitive issue in any country. It is very well dealt in\nthis movie. Movie depicts the other side of the coin which many does\nnot prefer to think. Director took lot of care to make every scene\nimportant. As usual Tom Hanks acting is good along with Mark Rylance.\nIt would be good to watch the movie as a commoner but not as a\nhistorian or defense employee. Character represented by Tom Hanks is an\nasset to the country along with Mark Rylance. Scenes representing\nactual conditions in Germany, America may defer but costume designer\ntook lot of care for the main characters. Expression of the Tom Hanks\nwife at the last but one scene is very good representing the real\nbehavior.\n"},
{"review": "\nDuring the Cold War, an American lawyer is recruited to defend an\narrested Soviet spy in court, and then help the CIA facilitate an\nexchange of the spy for the Soviet captured American U2 spy plane\npilot, Francis Gary Powers. I never thought that i would ever watch a\nSteven Spielberg and Tom Hanks movie and get so goddamn bored i really\nlost my interest after 30 minutes and Mark Rylance? He wasn't even that\ngreat to begin with and it amazes me how he even won that Oscar instead\nof Stallone who was magnificent in Creed. Tom Hanks is as great as\nalways but the boring pacing it just ruins the whole movie and the\naudience's experience and to be honest i had more fun with Indiana\nJones 4 than this.\n"},
{"review": "\nPredictable stuff from Hollywood - shallow and very disappointing.\nSpielberg doing a kids version of a spy story. Poor Tom Hanks goes to\nBerlin to save the world from communism, and rescues the youth of\nAmerica. And all he gets is the sniffles. Violins on the bridge, before\ndawn, for goodness sake. Given the accolades, I was hoping for\nsomething more suited for an adult audience. Rylance is a good actor,\nbut that doesn't make it a good film, just watchable when he is in the\nscene. And those poor kids of Hank's - subject to such hatred because\nbig daddy stood up for justice and the American flag. It isn't even\ninteresting from the historic recreation of New York - just a\ndemonstration of how much money can be spent on a movie that really\ndoesn't tell much of a story. There could have been more depth, and\nless devotion to period drama. And the script was pretty dire at many\npoints - dialogue when no words were needed at all.\n"},
{"review": "\nAfter watching Sully, I went back to see some movies with Tom Hanks\nthat I had skipped. Bridge of Spies was brilliant. The way in which a\ncivilian, although a lawyer, was dragged into this whole thing and the\nway in which he handled it, was amazing and thrilling to watch. <br><br>Mark Rylance was also breathtaking in his role as Rudolf Abel. The\nmovie had a really nice plot behind it, amazing scenery and photography\nin general, and it did keep you at the edge of your seat. It was quite\nlong, but still I felt like it could have used some extra time towards\nthe end. <br><br>My favorite moments were of course towards the end of the movie, when\nall loose ends are tied up one way or the other. Overall it was a\nperformance by all actors but also by Tom Hanks in particular that was\nup there with all the major roles he has portrayed so far.\n"},
{"review": "\nI can't write much if I don't want to spoil it, so I am only going to\nsay that this movie should have been a 6 chapter serial, the main\ncharacter and his story is perfectly developed, one can understand why\nhe does what he does, it doesn't feel forced or anything, but the rest\nof the people involved are more of a mystery, to the point where you\nask yourself \"Why did they do such thing?\" Other than that is a great\nmovie and very entertaining for a two hour feature with people talking\nall the time, it may seem like a boring political movie, but in fact\nhas a nice pace (slow at times) with some light jokes to ease the mood,\nand Mr Hanks never disappointing what he has to show his acting skills,\njust don't expect many spies in this movie.\n"},
{"review": "\nAs of fan of movies such as Raiders of the Lost Ark and Forest Gump, my\nsummary/title is very bold, but true.<br><br>Everyone cast in this film hit the right notes and Spielberg seemed to\ntreat every scene with perfection.<br><br>Overall this is my all time favorite Cold War film, and the best 2015\nhad to offer. Oddly enough Hank's wasn't nominated for an Oscar, but it\nclearly deserved a nod at least. On the bright side Mark Rylance did\nget a nod AND win for the film at the Oscars. <br><br>Had I been the judge of \"best picture\" this would have won, and it is\nsad more young people don't go out and watch films like these at this\npoint in time. I suppose things without explosions just aren't\nentertaining to most.<br><br>GO see it if you haven't already!!\n"},
{"review": "\nBridge of Spies is a good picture in general. It issues the most severe\nera of cold war. Even if you're not interested in political history, (i\nstudy history of politics that's why i especially liked it) i believe\nit'll take your interest as well. It also adapts the era's historical\nevents into the script in a good way. In my opinion, all those\nhistorical events are so significant that all we have to be at least\nfamiliar with. I also want to specifically mention about Mark Rylance.\nHe shows a brilliant acting even tough he doesn't show up throughout\nall the movie. He definitely proves that why he deserves the Oscar.<br><br>Beside all these good aspects of the movie, of course there are some\nbad sides too. Spielberg is using some 'unnecessary' tricks to\ndemonstrate the events in another way unlike the real events.\nUnfortunately, these things overshadow the movie and he is making an\nobvious propaganda again. I also suggest you to read the history after\nwatching it. <br><br>In overall, it is a nice movie that you will not regret.\n"},
{"review": "\nWhen I first heard about Tom Hanks in the movie I prepared to watch\nirrespective of the content. But the story is very much like a magnet\nyou just cant stop anywhere. The story line and characters are far from\njust OK they are remarkable.<br><br>The cold war era may have passed but the people involved remind who we\nare in this world. A very astonishing movie by none other than Stephen\nSpielberg.<br><br>The wall of Germany and other parts were accurately filmed and shown.\nThe law system in US is much to be respected and admired. There are\nsome Americans who not only drives their country but also the world for\nwhich this movie is a tribute.\n"},
{"review": "\nWe were vacationing in Germany only last week. But as soon as my wife\nand I returned home, everyone who had seen this movie strongly\nrecommended that we see it. Turns out that we were standing in each and\nevery location shown in the movie including the outside of the Russian\nand US embassy as well as the streets, bridges and historic sites shown\nin the movie.<br><br>So, not only is this movie strongly tied to the real locations but also\nthe U2 spy plane news story that I personally recall seeing in the news\nyears ago....<br><br>The best part of the movie is the accurate portrayal of the exceptional\nmain character..... and there are some wonderful surprises as well.\n"},
{"review": "\nTom Hanks, the main actor, and Mark Rylance play amazing characters in\nthis masterpiece. Their acting is right on point. <br><br>I loved this movie from start to ending. It kept me on the edge of my\nseat.i had to watch it twice just to get all the details. It is a very\ninteresting portrait of how things were back then. <br><br>The plot, the actors and the place of action are amazing and very deep.\nThe movie is over 2 hours long, but I could have stayed and watched it\nfor longer. <br><br>It also has an emotional side, but not too soapy. I really enjoyed how\nit is no too extremist and also giggle more than a few times. Tom Hanks\nmanages to portray a very serious character, but also a funny one.\n"},
{"review": "\nA well acted movie with catchy dialog. Too often though, it sounds like\npunch lines being delivered. \"I'm not afraid to die....Then the\npunchline...but it wouldn't be my first choice.\" Unfortunately it was\nmeant to please not give the story any depth. At the end of the film\nyou know nothing about, nor care about, the characters other than what\nwas minimally needed to move the story. Just for the record, all the\nwomen are minor characters. You really don't have an idea about the\nrelationship between the Tom Hanks character and his wife.\nRefreshingly, there no guns, girls or chase scenes and yet the movie is\nengaging. Tom Hanks is the anti James Bond.\n"},
{"review": "\nI love how Spielberg is able to tell such a complex historical event in\nsuch a humane way. Having the Cohen brothers as accomplices I'm sure\nsolidified the success of this movie which easily could have faded into\nthe piles of forgotten spy/Cold War predecessors.<br><br>Barring the language at times, this would be such a great film for\nolder students to watch, study, and hopefully inspire. There are so\nmany great lessons to be learned about character, standing for what is\nright regardless of the disdain of others, and most of all courage of\nplayers in the world who each in their own country or manner believe in\nwhat they are doing is right.<br><br>Appreciated also is the that Donavan did not discard one single human\nlife at stake in the exchange, regardless of the government's disdain\nfor his choice! I mean, WOW!<br><br>Ass Donavan (Hanks) summarizes, each person is acting as a soldier in\ntheir respective vocations. While we often and rightly react negatively\nand succinctly towards spies against our country, we also are doing the\nsame in other countries of the world.\n"},
{"review": "\nCold war feelings still apply today it seems.<br><br>\"Was it interesting?\" Not a problem there. The negotiation and\npolitical maneuvering was well done. My only criticism would be that\nthere wasn't as much courtroom scenes as I would have likes.<br><br>2.5 out of 3.<br><br>\"Was it memorable?\" The cinematography was as good as I expected from a\nSpielberg movie. It did seem to have a lack of impact on the world. His\nactions seemed to help a few people, but didn't seem to much negative\nconsequences from failure.<br><br>2 out of 3.<br><br>\"Was it entertaining?\" The acting was well done. Subtle and nuanced.\nThe problem here is that it was rather procedural for me. I'm not sure\nexactly what I was hoping for, but it still felt a little lacking.<br><br>1.5 out of 3.<br><br>Starting with 1 (because), 1 + 2.5 + 2 + 1.5 = 7 A thoroughly enjoyable\nmovie that a few years from now wouldn't mind seeing again, but I'm not\nin much of a hurry. The end text sounds great for a sequel though.\n"},
{"review": "\nBridge of Spies is the true story of an American lawyer named James B.\nDonavan (Tom Hanks), who recruited to represented a Soviet spy and help\nnegotiate with the Russians in order to get back an American pilot. Now\nright off the bat, I can say this is a really well- made movie. Tom\nHanks and Mark Rylance (who plays the Soviet spy) are excellent in this\nmovie. They both give Oscar-worthy performances and make you actually\ncare for the characters. Also, the writing is excellent. Most of the\nmovie is people talking and negotiating so it could've been boring.\nFortunately, the writing keeps the story really interesting and\nengaging. The direction and musical score were also fantastic. My only\nproblems with the movie is that it is a little slow, mainly in the\nfirst half. Also, it doesn't have that re-watchability so I can't\nreally see myself watching it again. But in the end, this is a great\nmovie that does a great job at doing what it set out to do. I give this\nan 7 out of 10.\n"},
{"review": "\nSteven Spielberg made it again, an historic film that is pretty well\nmade, it was an excellent film and a surprise as well. I had no idea\nthe Coen Bros worked on the screenplay until I saw the credits.<br><br>The first hour was a bit slow, it get much better in the second one.\nThe events in the second half were pivotal and the political\ncomplexities Tom Hanks found himself mired in were essential to the\nplot, the film was starting to get my interest.<br><br>It is a terrific Spielberg picture, there were some great performances\nby both actors leading and supporting, i hope that Mark Rylance gets\nthe Oscar, i would've like to see Tom Hanks get a nomination as well\nbut it is what it is.\n"},
{"review": "\n\"Bridge of Spies\" is a Drama movie which tells the story of lawyer\nJames B. Donovan who is entrusted to negotiate the release of an\nAmerican pilot from Soviet Union in exchange a captive Soviet KGB spy\nwho is held by the United States.<br><br>I liked this movie a lot due to the fact that first of all is based on\nsomething that happened in reality and secondly because of the plot of\nit. In addition to this the cast of this movie was selected very nice\nwith Tom Hanks who played as the lawyer James B. Donovan to make a very\ngood interpretation. Another good interpretation that has to be\nmentioned was made by Mark Rylance who played as Rudolf Abel the Soviet\nspy. The direction of Steven Spielberg for one more time was\nexceptional and this can be seen very easily in the whole duration of\nthe movie.<br><br>Finally I believe that \"Bridge of Spies\" is a very good movie to watch\nand is a lesson for everyone because it represents and shows the\ndifficulty of the job that this lawyer took over and how the choices\nthat he made affect him but his family too.\n"},
{"review": "\nWhen you see the name Spielberg expectations go up. Add in Tom Hanks\nand expectations go even higher. <br><br>Fortunately this film does not disappoint. In many films you will have\n\"a best bit\" or \"the first half was slow but then it got better\" type\ncomments.<br><br>Bridge of spy's is consistent throughout, like a cinematic Rolls Royce.\nIt looks good. It sounds good. The ride is smooth and comfortable and\nit doesn't need any tacky gimmicks to liven things up. Because it is\nwell engineered class.<br><br>This is an excellent story of Cold War espionage and intrigue. Tom\nHanks gives his usual great performance but he is almost outshone by\nthe captured Russian agent. You even get some genuine humour as a\nbonus. <br><br>I very much enjoyed the film and wouldn't mind seeing it again sometime\n"},
{"review": "\nI have to confess to knowing very little about Bridge of Spies before\nthe opening credits rolled. Going from the title and Tom Hanks presence\nwas expecting a thriller, but it's actually a docu drama. The film\ntells the tale of events from the cold war. Like most docu dramas it\nsuffers from the need to spice up a few of the real life events, but\njudging from other comments on the web most of the main plot lines are\ntrue.<br><br>Hanks plays James B Donovan who is a lawyer hired to defend a Russian\nspy Rudolf Abel (Mark Rylance). The film is always at it's best with\nthe interplay between Donovan and Abel. A few of the scenes could\nprobably have been dealt with a little more harshly in editing. As ever\nHanks is always very watchable though, so it's certainly well worth a\nwatch and gives a sense of what life was like during the cold war.\n"},
{"review": "\nI put off seeing this film since I knew the true story too well and\nexpected to be annoyed by various changes made necessary to get the\nwhole spy saga into two hours. <br><br>The movie, for instance, begins with Col. Abel's arrest, thus skipping\nover what people like me go to a spy movie for--tense scenes of\nespionage and spy craft. The character of Abel is made to be world\nweary, but without evidence of his cleverness as a spy it's less\ninteresting as a Cold War tale.<br><br>I learned a lot about the Colonel writing a NY Times story about his\nlife posing in Brooklyn as an artist, and then I requested his\ninterrogation transcripts from the FBI, which they sent me in several\nboxes running to 3,000 pages. None of this was available to previous\nauthors. <br><br>If fans of the movie would like further background on Col. Abel's\ndouble life in America, I have written a Kindle ebook, THE AMATEUR: The\nCold War Life of Rudolf Abel, Artist &amp; KGB Spy.\n"},
{"review": "\nBridge of Spies is directed by Steven Spielberg and stars Tom Hanks,\nwhich is the best director-actor duo in history in my opinion. Once\nagain, Tom Hanks is so good as a lawyer who has to defend a Soviet spy\nduring the Cold War. But probably the best performance was Mark\nRylance, the man who played the Soviet spy, and he certainly deserves\nan Oscar nomination. The cinematography is so beautiful and Spielberg\nperfectly captures the world in 1957.<br><br>Most of this movie is conversations between Hanks and others during\nnegotiations or court room scenes. A lot of people can be turned off by\nthis, claiming it's \"too boring.\" But if you like drama with a lot of\nintrigue about history, you will be engrossed in Bridge of Spies. It is\na slow and long movie, so you have to be patient while watching.\nHowever, there is a fantastic scene with an airplane that brings energy\ninto the movie.<br><br>Bridge of Spies is certainly not one of Spielberg's masterpieces, but\nit is still a great movie on its own. Bridge of Spies gets an A.\n"},
{"review": "\n\"What's the next move when you don't know what the game is.\" James B.\nDonovan (Hanks) is an insurance lawyer who has been chosen to defend a\nRussian accused of being a spy. He manages to make the entire country,\nincluding his firm, upset with him by the time the trial is over. After\na US pilot is captured the US wants to facilitate an exchange of\nprisoners. Once again Donovan is enlisted to help, but his plans are\ndifferent than what the government wants. First thing, this is a great\nmovie. I really enjoyed this and was entertained by it the entire time.\nI will say there isn't a lot of action in this and the movie really had\nthe feel of Lincoln. To me that's not a bad thing but just a heads up.\nHanks is good as usual and really brings compassion to this role. The\nfact that this is based on true events makes the movie that much more\nexciting and tense. This is a movie that I highly recommend, but again\nmay not be for everyone. Overall, Hanks and Spielberg hit another home\nrun. For a history buff like me this was one of the best movies of the\nyear. I give this a B+.\n"},
{"review": "\nHanks plays lawyer and former counsel for the OSS who represents Soviet\nspy Rudolph Abel on espionage charges, and is then asked to broker a\ndeal permitting Abel to return to Russia for the release of Francis\nGary Powers, captured U-2 spy plane pilot. I have a natural distrust of\nSpielberg, most recently from the fictional War Horse, for being overly\nmanipulative with his audiences. I have checked the basic facts behind\nthis movie and they appear legit. If the movie was confirmed on a few\nother points I would give this a 10 without reservation. Sorry, for me\nhistorical movies (and particularly Biblical movies) need to be\naccurate - subtle deviations from the truth can (to me) create false\nimpressions. As it is Hanks and Rylance (as Abel) are just superb,\nHanks seems made for Spielberg's sort of movies. The period work is\nvery impressive and cinematography superb. The story starts slowly but\nonce things get going it moves along very well. This has the feel of\nOscar work, just an impressive movie.\n"},
{"review": "\nYou know and expect cinematic brilliance when it's a Tom Hanks\u202c and\n\u202aSteven Spielberg\u202c movie, and that is exactly what \u202a\u200eBridges Of Spies\u202c\ndelivers. Be it the story, acting, screenplay, dialogs, casting,\nediting or the background music score, it is all spot on! Tom Hanks is\nas always brilliant but watch out for Mark Rylance, who will leave you\nmesmerized with his very real performance of Rudolf Abel. Spielberg\ntreats each frame with such care that you are just amazed at the\nauthenticity and reality of it! If you do watch movies with a keen eye,\nyou will notice how easily and almost perfectly, Spielberg transitions\nbetween story lines. Go watch it if you genuinely enjoy brilliant\nmovies! This is a movie for people who truly appreciate the art of\nclassic cinema, but with entertainment.\n"},
{"review": "\n'Bridge Of Spies' is a really cool drama movie with intriguing\nscreenplay.Bridge of Spies tells the true story of a Cold War spy swap,\nduring the height of tension between the U.S. and Russia.The movie is\nvery realistic. Spielberg directed it so well and it may lead him to\nOscars for his direction. The writers Matt and coen brothers was really\ndid a splendid job. Tom Hanks nailed his role as James.B.Donovan. He\nliterally lived in the character and made it alive on the screen. The\nway Mark Rylance portray Rudolf Able is commendable. Background score\nis good. Rest of the actors played their role well. It is unlike to see\nsuch kind of spy cold war drama movie.\n"},
{"review": "\nCan somebody explain why is 2 for the life of one? Cause I didn't get\nany justifiable reason, nor Donovan was the greatest negotiator (if he\nwas they don't show it!) this side of the wall.<br><br>All the gibberish, indecision, etc. of DDR's people are not well\nexplained.<br><br>And please don't get me started with those cheesiedumblowbow moments:\nthe catchphrase of Abel, Standing Talls, the jump over the wall/fence,\nthe paper on the train,\"then I f**k it all up\", get back home then in\nthe news I'm so tired, oh my god! America should stop being so\nethnocentric and think that foreign people also buy tickets, and know a\ncouple of things of politics &amp; history, don't underestimate us, please!<br><br>And it's sad cause after that \"we're American cause the constitution\",\nthe trial (even though the synchrony of the events should be delivered\na little bit better, just saying')the movie completely got me, but\nafter the eurotrip, for me at least, it went downhill.\n"},
{"review": "\nEven though I am not American I found many interesting movies about\nhistory and biographical, but not this one. I went to this movie with\ngreat expectation of Steven Spielberg and Tom Hanks and the rating\ngiven for the movie, but the movie was below my expectation. I don't\nfind ,much mystery,twist,thriller or interesting drama. <br><br>The movie was just going on towards successful deal. The opposite\nparties involved in the negotiation with Tom Hanks are approving for\nall his demands after every second attempt. All looks very less\ncomplicated negotiations.Over hyped may be because of entities shown in\nthe film are big or because of I already read about the incident\ndepicted in the movie. But still there are many movies you will tend to\nwatch again and again even though you read the story and watched\nalready, this one not up to that level. The role given for Tom Hanks is\njust a piece of cake for him.<br><br>Movie may be interesting to the audience who obsessed with that true\nevents. Not for me.. sorry!!\n"},
{"review": "\nOK, Bridge Of Spies. Long (141 mins) and boring spy thriller with the\nusual performance from Tom Hanks (James Donovan) who's face throughout\nthe middle of the movie looks like a carrot due to the the bad makeup\nand in the other half has the usual-suspect- grimace if he is having a\npoo because of too much effort trying to convince us with his tricks in\na particular scene. The story is ...hm \"based on a true story\" which\ncan't save it from superficiality. Mark Rylance who plays Rudolf Abel\nis much more interesting/convincing as an actor but also struggle in\nthe adapted screenplay so whoever did it better not do it again.The\nIron Curtain/Berlin Wall is very much Hollywood and you have seen it in\nmany other movies so you are already prepared for it and will not\nsurprise you. At all. It's all a happy ending at the end so everyone's\nhappy apart from me cause it was a waste of time.\n"},
{"review": "\nBridge of Spies had an amazing display of sincere and authentic care\nfor your enemies. The display of love for your enemies in this movie is\na great example of who we are supposed to be in Christ when we struggle\nto do the right thing against our sin nature. For when we love our\nenemies, our friends may hate us for it, but we can be assured in who\nwe are in Christ by not backing down in our character and convictions\neven if the crowd demands our head. In the Bible in Matthew 5:43-45 it\nsays, \"You have heard that it was said, 'Love your neighbor and hate\nyour enemy.' But I tell you, love your enemies and pray for those who\npersecute you, that you may be children of your Father in heaven.\"\nCharacter is also greatly displayed in Donovan's character throughout\nthe movie. For example when the American government asks Donovan to\nviolate attorney client privilege defending an accused Russian spy on\nAmerican soil, Donovan refuses quoting the constitution and stays true\nto his client and character. Bridge of Spies is a great movie filled\nwith true patriotism.\n"},
{"review": "\nTo start off, Tom Hank's acting was spot on. He played the character\nJames Donovan well, and the film as a whole allows us to root for him\nand to feel what he feels, even though everyone looks down on him for\nhis ideals. Mark Rylance's character (Rudolf Abel) was dry in my\nopinion, although there were small moments where he shined. <br><br>The plot as a whole was interesting, but the movie's progress felt\nsomewhat slow. Was it to build up tension? I'd guess so, though I\ndidn't feel it and I was always waiting for more to happen (to no\navail, until the finale). The movie could have been shortened to an\nhour an a half, in my humble opinion. Perhaps it is somewhat due to the\nrelatively simple and short main plot. <br><br>Not an absolute must watch in my opinion. I'm sorry but I expected so\nmuch more. <br><br>6/10\n"},
{"review": "\nGreat movie. It left me wanting to learn how to say \"Standing Man\" in\nRussian. I hope that \"James Donovan\" the main character is accurately\nrepresented by Tom Hanks. An amazing man who stood for what is right\neven against his own government. However did you spot the mistake with\nthe pilots uniforms. In the movie the pilots are wearing tan uniforms\nas used to be worn by the Army Air Force. By the end of 1952 all US air\nforce personnel were required to wear blue uniforms so that the period\nof 1957-60 would not have seen the uniforms that props issued to the\nactors playing the pilots. In-spite of that i like the way that the\nparanoia of the time about the soviets and the bomb were represented.\nIt really reminded me of our modern equivalent of being paranoid about\nanyone who comes from a Muslim country.\n"},
{"review": "\nThis film tells the story of a Brooklyn insurance lawyer who is\nassigned to defend a Russian spy who is caught by the US government.\nAfter the high profile trials, he is assigned to negotiate personnel\nexchange with the Soviets.<br><br>I've heard much good things about \"Bridge of Spies\", and indeed it\nlovers up to my expectations and more. This spy thriller maintains\nsuspense and thrill right to the very end. In fact, the later the film\ngets, the more gripping and tear jerking it gets. The scene at the\nbridge is so visually beautiful, especially the bit where Russian spy\nis about to get into the car. I find myself engrossed in the scene, to\nsee how he is greeted by the receiving personnel.<br><br>The film does not feel like 2.5 hours at all, because it's very\ncaptivating. I enjoyed it very much.\n"},
{"review": "\n****May contain strong spoilers****<br><br>I am a great fan of Tom Hanks. His amazing presence in <br><br>his acting is wonderful. This movie is just another on <br><br>there.... almost perfectly done by Mr. Hanks.<br><br>As this is a true story and the stories of war is in my <br><br>perspective important to remember in order to bring more <br><br>harmony, warmth and peace in our world, the movie is <br><br>bringing so much to the plate. Humour, brutality, warmth, strength,\nreality... it all <br><br>fits together in this picture and brings a great <br><br>experience for the viewer. I thought; Oh....another one about the wars\nand the Second World <br><br>War. I confess; I was wrong. And I am grateful and happy to <br><br>have seen this movie.<br><br>In my perspective; Oscar nomination...? YES!\n"},
{"review": "\nA Cold War thriller starring a Tom Hanks seeming inexplicable. Steven\nSpielberg's technique is to pack intrigue and movement into every shot,\nto fill his characters and story with fidelity to the era's\nrealpolitik. It's a movie without much glamor and it's enjoyable though\nthere's no impetus or pace. Spielberg can't animate a Coen brothers\nscript combining espionage and court room. 141 minutes is an excessive\nruntime but the story successfully bets the house on the interplay\nbetween an all-American archetype and a reserved but fragile traitor\nlooking like a bank clerk. All these characters are perfect and that's\nenough in a film built on legal conversation.\n"},
{"review": "\nBridge of Spies has the feel an old fashioned drama and has all the\nhallmarks of a Steven Spielberg film. The attention to detail , the\ncharismatic leading man ( Hanks ) and the sentimentality . There's\nnothing not to like about this film but is that enough to make it great\n? Probably not. Although Tom Hanks is excellent I think the standout\nperformance is from Mark Rylance who plays the Russian spy , Rudolf\nAbel . His understated dour acting is brilliant to watch. If you are\nexpecting an action thriller then you will be disappointed. It's not\nthat type of film. This is pure drama and an enjoyable one at that. I'm\nnot convinced this is the classic some people are talking about.\n"},
{"review": "\nI really do hope the only awards this film wins are for Mark Rylance.\nHe is incredibly mesmerizing in the role. It's a very subtle one, but\nhe commands your gaze and attention any time he is on screen. I don't\nthink many actors could have given the role so much effect, especially\nsuch a quiet one, but he managed to do that and more. The problem is\nthat he's stuck in a film that is completely and thoroughly just fine.\nThe good thing is that, except for the sentimental ending, Steven\nSpielberg doesn't interfere too much with the story around him. He is\nmostly restrained. Overall, this isn't something I will be aching to\nrewatch any time soon, and not something I will remember. Although it's\nquicker in pacing, definitely not nearly the film that Tinker Tailor\nSoldier Spy is, but it's not bad at all.\n"},
{"review": "\nHappened to watch the movie on a weekend and must say, I am happy that\nI did. Great acting from Mark Rylance as a stoic Soviet agent Rudolf\nAbel, and Tom Hanks as a resolute lawyer and negotiator.People into\nperiod pieces and spy movies will definitely love this. This takes\nplace during the height of the cold, so history buffs should also enjoy\nthis.Even though Tom Hanks is at his best, Mark Rylance as Rudolf Abel\nalso leaves quite a mark, especially with his Stoic 'Would it help'\nremarks.<br><br>Scenes from East Berlin are also nicely shot. It was also exciting to\nsee other supporting casts such as from Sebastian Koch, Alan Alda\net.al..<br><br>This movie also manages to pepper serious moments with occasional\nHanks-esque humor with catchy lines.\n"},
{"review": "\nAgainst the backdrop of immensely popular TV Shows such as The\nAmericans &amp; Deutschland 83, Bridge of Spies holds its own ground and\nshowcases a masterpiece to the audience, thanks to the incredible duo -\nSteven Spielberg &amp; Tom Hanks. It seems they can do no wrong and this\nmovie makes them one of the top collaborators in Hollywood. <br><br>As for the movie, its not especially intense as compared to other high\noctane spy thrillers, but shows a lighter and more delicate version of\nthe cold war era politics, with focus on negotiation tactics employed\nby governments and their officials. Quick &amp; witty dialogues along with\nsome great emotions displayed by the actors (Kudos to Mark Rylance)\nmakes it one of the best movies to watch in 2015.\n"},
{"review": "\nThey really pull back the curtain and reveal just how all of the\nsuspicion of the \"other\" side got so out of control during the cold\nwar. The subtle way in which the story unfolds is so real. It is as\nclose to real life as you will experience. Amazing, historical events\nare often simply a matter of logic, determination and courage. Remove\nall of the usual over the top drama and what you get is a front line\nlook at exactly how \"matter of fact\" world changing events can be. The\naxis on which our global systems of politics and economies spin is\noften as simple as a couple of conversations and a handshake. This film\ntells it like it is. The tension is there without the overt treat of\nharm. If you have ever been a part of \"big\" decisions that impact the\nlives of others, then you will connect with the main character. I was\nright there with him all the way. This is great art. It makes you feel.\nIf you are looking for sex, martial arts and car chases please leave\nthe seats open for the rest of us.\n"},
{"review": "\nMr Hanks and Mr Spielberg turned out a very watchable Cold War\nthriller. Is it great? Nope...but it is very good. I do remember the U2\nand, Tom Hanks is correct, Lt Powers was probably the most hated man in\nAmerica. As much as I liked this movie, I did find one thing\noffensive...the way the country's paranoia was portrayed, reeks of\ntypical Hollyweirdo hypocrisy and hubris. Reacting to real fear is\nneither simplistic nor sophomoric. To scoff at yesteryear's\napprehensions resonates eerily with those denying atrocities that\noccurred two decades before or those ignorantly forgetting the war (? I\nknow...it was not a declared war) with North Korea. For most other\ndirectors, callous arrogance is to be expected...but not from thee\nMovie-master, Mr. Spielberg. Probably an oversight, but I think the\nsituational reactions should have been just edited out. Anyways...good\nmovie. I like everything that is actually done by Steven Spielberg and\nTom Hanks always seems like one of the guys you want have a beer\nwith...really easy to get along with, and level headed\n"},
{"review": "\n\"From the trailers alone the film screams 'Oscar Bait.' Historical\nbackdrop? Check. Late calendar release? Check. Meticulous set and\ncostume design? Check. Although crossing off this list accurately\nforeshadows the hefty dose of drawn-out debates, padding the 144-\nminute runtime by treading late second act circles, reserved almost\nexclusively to timbered interiors, I would be amiss to say they weren't\nsomewhat entertaining. Perhaps it's Director Steven Spielberg's\nattention to detail in cramming the lens with every bit of period\nauthenticity; Or Tom Hanks' effortlessly warm everyman persona\nperfectly suited for James' trip from his white-fenced American dream\nto the cold, snowy streets of Berlin.\"<br><br>FULL REVIEW: www.borrowingtape.com/latest-reviews/bridge-of-spies-2015\n"},
{"review": "\nThe story of the prisoner exchange involving Francis Gary Powers is one\nof unending tension broken just occasionally by little humorous\ncomments. Tom Hanks plays the lawyer defending the Russian spy that was\neventually traded for U-2 pilot Powers. The negotiations are\ncomplicated and could have been tedious in the hands of a lesser cast\nand director.<br><br>Hanks is completely believable and a pleasure to watch. We get to know\nand, to some degree, sympathize with the Russian spy and Powers is\ncertainly a likable character, shot down on his first spy mission. Very\nentertaining and educational film. Recommended.\n"},
{"review": "\nTom Hanks is a great actor, Spielberg a great director and spy stories\nare usually fascinating, especially if they are based on 'true life\nevents', even if considerable liberty is taken with the truth.<br><br>I'm taking the time to write this review because I was sooooo\nincredibly disappointed with this film. This is one of the worst movies\nof 2015, hands down. The presentation of the story is boring, the\ndialogue is heavy-handed and insulting to viewers and the acting is\ndry.<br><br>Do not watch this film. It is 2+ hrs of your life that you will never\nget back.<br><br>If you're interested in dynamic, compelling tales of the Cold War,\nwatch the amazing FX Series \"The Americans\".\n"},
{"review": "\nHaving pretty much lived through the events , I figured it was pretty\ncut and dry . How do you make a Soviet spy heroic , seems nuts ;\nalthough 20th Cent. FOX did make a top nazi a hero shortly after WWII\n(The Desert Fox); but leave it to Spielberg . Tom Hanks owns the movie\n, but Mark Rylance comes damn close to stealing it . Tom Hanks is often\ncompared to Jimmy Stewart and this film sort of bears that out , the\nonly two other actors I could picture playing Mr. Donovan are Mr.\n(Gen.) Stewart and Gregory Peck .In a time when most films are cartoon\nor comic book spinoffs it is wonderful that a man who kinda started the\ntrend (Raiders, etc) adds to his cerebral list . Another quiet\nmasterful film to add to a collection now over 40 years long .\n"},
{"review": "\nThe movie Bridge of Spies (2015) is one that is based on true events\nand it is also one of those movies that should make everyone look\naround them at all times. Bridge of Spies (2015) has an amazing lineup\ncast with a story that will keep you entertained and captivated as you\nthink of the real story behind the film. It's a film that shows how\nthings go in the world as long as it all looks good in the public or on\npaper; it points out humanism even in those days to be no different and\nthat we hadn't evolved much; other than being a larger consumer. Though\naside from the obvious reasons of my interest and love for such a great\nfilm; everything about Bridge of Spies (2015) was on point. It is\nentertaining, the story-line and acting is spot on; and the time\nsetting for the film along with the sets and film locations were\nperfect.\n"},
{"review": "\nMy favorite movie of 2015. I enjoyed watching this movie. Tom Hanks\ngives an excellent performance.Mark Rylance was terrific as well as the\nrest supporting cast.The story is very interesting and I cared about\nall the characters. The movie is well directed with great\ncinematography. Steven Spielberg is an amazing director as always and\nevery time he directs a movie he does his best and in this movie he did\na great job in every scene.So, The Coens and Spielberg make an ideal\ncombination.The movie is full of dialogue and negotiations which was\nvery good and I was curious to know what is going to happen next.I did\nnot feel bored at all.Also it has a good production design and music.<br><br>I loved this movie so much\n"},
{"review": "\nBridge of Spies<br><br>The biggest difference between American and Russian spies is Americans\nwon't trade military secrets for blue jeans.<br><br>Mind you, the only trading transpiring in this drama is that of a human\nnature.<br><br>Hired by the US government to represent accused KGB agent Rudolf Abel\n(Mark Rylance), insurance lawyer James B. Donovan (Tom Hanks) goes on\nto negotiate Abel's exchange with Russia for a downed U-2 pilot (Jesse\nPlemons) and an American abroad.<br><br>On the home front, Donovan's wife (Amy Ryan) and family are unaware of\nthe dangers he faces on the wrong side of the Berlin Wall.<br><br>Scripted by the Coen Brothers, directed by Steven Spielberg and\nstarring Tom Hanks, Bridge of Spies is award bait at its best. But it's\nalso those artists finest hour when balanced with the real- life\nintrigue of Cold War diplomacies.<br><br>Furthermore, for a successful Cold War negotiation, be sure to bring\nsome McDonald's with you. <br><br>Green Light<br><br>vidiotreviews.blogspot.ca\n"},
{"review": "\nSet during the Cold War, James Donovan, an American Lawyer was\nrecruited to defend a Soviet spy and then help the CIA facilitate a\ntrade between the Soviet spy and American spy.<br><br>First of all, the mood of this movie is amazing because you can really\nfeel the dark atmosphere and the tension of the Cold War. Production\ndesign is good. Of course, the acting. This is Tom Hanks. What do you\nexpect? An outstanding performance. Great direction of Steven\nSpielberg. The story line and plot are perfectly executed. Still left\nwith mystery, though.<br><br>One of the best movies of 2015.<br><br>Must watch.\n"},
{"review": "\nIt definitely isn't in the league with Spielberg's best ones, but it\ndelivers the story quite well. <br><br>In short, this is a cold war politic drama, not by any means an action\none. For a history buff like me this indeed is an interesting piece but\nfor someone who couldn't care less, this might not be the best pick.\nThe movie has a great balance of seriousness and spicy comedy, kicking\nthe audience every once in a while. <br><br>The movie has a Hitchcockish opening. Camera moves smoothly and conveys\nthe story most of the time perfectly. The comedy kicks in almost\ninstantly and keeps you interested in otherwise grayish second act\nwhile going through the necessary clues to prepare us for the third\nact. At the second act you kind of feel like the story wasn't enough\ninteresting to be a two and a half hour long. Although Coen brothers\nwrote the script I was pretty disappointed that, from time to time,\nSpielberg decided to use flat dialogue rather than letting the picture\ntalk.<br><br>It's a well told story, so if you find the subject interesting, you\nwill enjoy it.\n"},
{"review": "\nSteven Spielberg. Tom Hanks. Mark Rylance. Joel Coen. Ethan Coen. Five\nreasons to love this film. Spielberg's directing is top notch, Hanks\nand Rylance's acting's cutting edge and the Coen's writing adds comedy\nto a serious film. There are two parts to Bridge of Spies. First part\nsees Hanks' lawyer defending Soviet spy Rudolf Abel (Rylance) during\nthe Cold War. In the second part Hanks' James B. Donovan negotiates a\nprisoner exchange; Abel for a captured American pilot. The coming\ntogether of the cast and crew make Bridge of Spies a riveting watch.\nTensions are constantly high, even though there's minimal action. The\nfew jokes spread throughout make it no less thrilling. Mark Rylance and\nHanks are superb. It's hard to say whether one outdoes the other when\nthey share the screen time.\n"},
{"review": "\nThis film is clever at not introducing any fast paced, action packed,\nhard hitting scenes yet making you feel like somwehere in the\nbackground the fight still exists.<br><br>You feel like you are behind enemy lines yourself protected by from the\nouter world yet in amongst the gritty life with no real allies and no\nreal friends.<br><br>As always with Tom Hanks you full in love with his ideology of life and\nquickly support him in his quest to do right by the Russian spy.<br><br>You spend the whole film questioning your morales when you realise you\nare actually on a Russian spies side. Yet you know in reality his was\nonly doing what was right for his family his country.<br><br>I love the Russian spies character, very cold, witty and someone you\ncant read, yet you fall in love with his innocent yet deep personality.<br><br>This film plays with your heart.<br><br>Loved every minute of it :)\n"},
{"review": "\nThe first thing that struck me about Bridge of Spies was just how\nbeautiful it was. The film is gorgeously shot, every frame seems like a\npainting. But the film's visuals are not the only good thing you can\nsay about it. It is a solid, well acted drama with an engaging story\nthat won't leave fans of the genre disappointed.<br><br>Overall I have nothing but good things to say about it and I would\nhighly recommend it. There are however some minor nitpicks. The film\nstrikes one as very good but it never rises to excellent when you get\nthe feeling that it could have. The film is done by professionals who\nknow their craft and thus the film is well polished but lacks that\nspecial spark, a deeper substance in the story that would make you love\nit instead of merely liking it, however much.<br><br>Of course all of that could be merely a question of preference and for\nsome this movie would be satisfying enough. Again, I have nothing bad\nto say against Bridge of Spies. I thoroughly enjoyed and have already\nincluded it in my list of top movies of 2015.\n"},
{"review": "\nOne more credit to Spielberg. It's a very good entertainment movie.\nSound and writing is on it's place, as expected. Mark Rylance makes an\nexcellent interpretation on Rudolf Abel, in my opinion. Abel is a very\ncharismatic and enigmatic person who never brakes up with his duty. In\nthe other hand, Tom Hanks as Donovan, keeps the movie going on it's\nespionage suspance, although against most of the American people.\nDonovan keeps doing he's lawyer work as he knows best, believing that\nbehind the Russian spy is a good person who was just following orders\nyears ago. The movie gets intense in the end when the main reason of\nthe movie takes place. Personally, i was expecting a different ending,\nhowever the producer didn't want to make a \"show off\" scene, which i\ncan understand since the movie is based on real facts.\n"},
{"review": "\nThis is a very creditable attempt at telling the real story of 'Rudolf\nAbel' and the Cold War shenanigans that happened after the Second World\nWar. Rylance manages to give a slight Scot's accent to Abel who was in\nfact born near Newcastle Upon Tyne (i.e. he would have spoken with a\nGeordie dialect). Never mind, Rylance conveys with perfect restraint\nthe imperturbable front any spy worth his salt ought to aspire. This\ncompares starkly with the slightly inept attempt at 'keeping secrets'\nshown by his American swappee, Powers, when subjected to interrogation.\nSpielberg manages to apply rose tinted spectacles at strategic points\nbut thankfully, not too detrimentally. Compelling to watch for both\nHanks' and Rylance's performances, you may be tempted to find out more\nabout the characters they portray. Nice intro to the history!\n"},
{"review": "\nIt's more than clear that Spielberg still has something left in the\ntank. This movie is masterfully crafted and given the subject matter, a\nmaster's touch was very much needed. The middle of the film does feel\nlong and bloated but the set up and especially the third act negate\nthat drag. Every scene that takes places in West Berlin and East Berlin\nand what follows was enthralling and a delight to watch. The entire\nfilm is basically negotiations, posturing and dialogue. So, showing\nboth sides of the Cold War to a degree was an excellent decision. Tom\nHanks was good as you would expect and the entire cast was serviceable.\nIt's all about story in this case.<br><br>Overall, an enjoyable \"turn your brain on\" and enjoy type film.\n"},
{"review": "\nSpielberg's film is always a treat for the eye. He manages to recreate\nAmerica and Europe of the \"cold war\" era with great aplomb. I defy\nanyone to find anachronistic errors in the visuals of the film. This\nfilm reunites the director with Tom Hanks. Hanks, who plays regularly\nthis type of American who has integrity and honesty, and is driven by a\nstrong sense of justice. He follows in the cinematic tradition of Gary\nCooper and James Stewart, but does not add much to the genre, if only\nmodernity.<br><br>With a director so focused on the visuals, the depth of the characters\nremains deficient. Even a script signed by the Cohen brothers,\namazingly did not help much. So I remained with the question: how does\nthis fairly ordinary lawyer become so heroic in environments of hostile\ninternational intrigues.\n"},
{"review": "\nPropaganda plays out in this latest Spielberg effort. At the start we\nsee a Russian spy arrested by the FBI. He is a most pleasant fellow\nplayed by Mark Rylance. Evidently typecast for the part, he is as soft-\nspoken and sincere as he was in 'Angels and Insects'. With a pleasant,\nScottish brogue, he exhibits a spy with profound integrity. The\ndepiction of the American response to his escaping the death penalty is\nembarrassingly sophomoric (Actually, as I can remember as a teenager,\nthere was little or no public outcry at the sentence). The incompetence\nof American military intelligence is also depicted (70,000 ft wasn't\nhigh enough for the U-2 spy plane to avert being shot down). But\nmilitary incompetence has always been an easy target, especially to a\nliberally biased Hollywood. Nonetheless, it is well-crafted and\nenjoyable. And, propaganda evens out as we see the Berlin Wall erected,\nand the consequent brutality of Soviet tyranny.\n"},
{"review": "\nAbsolutely genius.<br><br>The problem with the slightly lower ratings is the lack of 'Hollywood'\nin this movie.<br><br>Often one finds that cultural and historical pieces are undervalued as\ntoo many people, especially from the USA, have no cultural or\nhistorical sense.<br><br>What makes this movie great it the calmness, the respect and the effort\nin not making it 'over the top'.<br><br>Just right. Good acting, good story, good setting....<br><br>It hit the spot!\n"},
{"review": "\nCollaboration of Tom hanks and great Director Steven Spielberg created\na huge hype for this movie and me too was waiting for this movie. I\nspent 1.5$ for this movie at a cheap price of ticket and went to\ntheatre to watch this. There was nothing wrong with this movie as\neverybody acted well and Spielberg as usual directed a well deserved\nOscar winning Thriller film. However the plot was too slow and I was\nfeeling sleepy while watching. The story involves only on one thing,\nexchange between countries which I felt too dumb. However critics liked\nit too much and predicts it for Oscar. I felt the movie very slow and\nboring and so I would go with 2.5/5 for this Spielberg directed flick.\n"},
{"review": "\nBRIDGE OF SPIES (2015) *** Tom Hanks, Mark Rylance, Alan Alda, Amy\nRyan, Eve Hewson, Austin Stowell, Jesse Plemons, Will Rogers.\nFact-based Cold War historical drama centered on espionage with downed\nU2 pilot Francis Gary Powers and Russkie spy Rudolf Abel set up in an\nexchange of prisoners orchestrated by the world powers and Hanks as the\nattorney James A. Donovan appointed to do the dirty work. Filmmaker\nSteven Spielberg employs all his production values in perfectly\ncapturing the era yet the streamlined screenplay by Matt Charman and\nthe Coen Brothers is a tad too cut and dried with little emotional\nspark.\n"},
{"review": "\nSteven Spielberg and Tom Hanks. When you have a duo like that making a\nmovie, you know your going to be a little more than satisfied. Bridge\nof Spies is set in 1950s America and West Germany, and follows the\nstruggles a lawyer has with an exchange of Prisoners.<br><br>A lot of things add up to the greatness of this Film. Hanks Performamce\nis one. Another is how Steven Spielberg depicts the publics fear in the\n50s. Another would be the beautifully cinematography. The Acting from\nHanks, as per usual, is fantastic, and I believe he will be nominee for\nbest Actor. Steven Spielberg also stays true to the original story, and\ndoes not twist fact and fiction. <br><br>Bridge of Spies deserves all the praise it can get. With fantastic\nActing and almost perfect direction, Bridge of Spies proves itself one\nof the finest Films of 2015.\n"},
{"review": "\nA Steven Spielberg movie based on the era of the cold war. The film\ntells the story of lawyer James, who is entrusted with negotiating the\nrelease of Francis, a pilot whose U-2 spy plane was shot down over the\nSoviet Union &amp; in exchange for Rudolf Abel, a captive Soviet KGB spy\nheld under the custody of the United States. Though the whole film is\ntalkative. No fights, no actions, just chatting. So, many may not like\nthis. I'm in that category. Background score is nowhere in the film,\nand may be it's a plus point. But, I don't like this kind of a silent\nmovies. So, even after having a good story and a good casts, the film\noffers no entertainment to me. So I am telling you to skip this. Or\nwatch it if you find the subject interesting!\n"},
{"review": "\nIt's something very basic and it's probably something that we've\nforgotten over time after watching a myriad of movies. But the whole\nreason why we go to the theaters is simple \u0096 To be ENTERTAINED. For an\nExperience that is out of this world. And in that singularly important\naspect, Bridge of Spies is an accomplishment of the highest order.<br><br>Set in the Cold War Era, the movie expertly deals with the battle\nbetween two super powers, a battle that is fought in the deeper\nechelons of the government. Don't get me wrong, this is no action film,\nbut a rather subtle drama about how the smallest of actions and noblest\nof gestures can change the tide of situations deemed impossible.\nSubtlety is Spielberg's forte and he plays it out gently throughout the\nmovie.<br><br>You can see it in the lovingly crafted scenes, with immaculate\nattention to detail both in the visual and auditory departments... ...\n...<br><br>Continue reading the review on my blog:<br><br>https://microreels.wordpress.com/2015/10/17/105/\n"},
{"review": "\nJust weighing in but with nothing new to add. I agree with other\nreviewers, it's a very entertaining film that's hard not to like.\nsometimes I am struck by that fact that Spielberg films often resemble\nFrank Capra films in that they uphold a high standard in filmmaking and\ndon't always rely on naked characters and buckets of blood. In \"Bridge\nof Spies\", Tom Hanks has the Everyman role Capra used to employ. This\none, in fact, is rated PG-13, which doesn't happen often in\nLowest-Common-Denominator Hollywood.<br><br>Tom Hanks never disappoints and an argument could be made that he is\nAmerica's best actor. Here he is his old self, although a few pounds\nheavier than in previous pictures but an idealist in the James Stewart\nmold. Good supporting cast of unfamiliar faces and the story moves\nalong at a good clip. It's all been said and I don't do summaries -\nread another reviewer for one. Very worth seeing, an oasis in a desert\nof crummy Hollywood movies.\n"},
{"review": "\nSteven Spielberg, you are a beauty. The films are inspired but the way\nthis man turns reality into captivating imagination is beautiful. And\nTom Hanks, Hats-off. <br><br>The film is an inspiring story of an insurance agent who alone with his\nmight did the impossible and negotiated a deal with the soviets during\nthe cold war against all odds and bureaucracy. A LEADER. <br><br>The emphasis that has been laid on the minds of the people when the\nterrors of Berlin wall came up and what it meant in the lives of\ncommoners is exceptional and has been captured in very few words. <br><br>Many may not consider this work to be one of finest works of Steven\nSpielberg and I concur but it is definitely a must watch once.\n"},
{"review": "\nIt's always a bit dangerous to do historical drama, especially when\nthings are within the memories of living people. This is the story of a\nprisoner exchange involving a Russian spy and U2 pilot Francis Gary\nPowers, whose spy plane was shot down by said Russians. Instead of a\nseries of scenes of weapons fire and close calls, this is a very\ncerebral movie. Tom Hanks, in sort of an Atticus Finch mode, puts aside\nthe furor of the nation and potential threats to his family, to follow\nthe course of justice. He finds himself dealing with those who must\ncater to their nations positions in world politics. He also must act\nwithout sanction from his own country. Next to Hanks, Mark Rylance as\nRudolf Abel steals much of the movie. I'm sure some liberties were\ntaken with facts along the way to make it more Hollywood, but this did\nnothing to diminish a real view of what the Cold War was like. And,\nyes, I remember \"Duck and cover!\"\n"},
{"review": "\nSpielberg has done it again: After the lame and shameful CGI in Indy 4,\nBridge of Spies returns with some terrible CGI of a plummeting plane so\nlame that makes the fake plastic baby form American Sniper a\nmasterpiece. <br><br>The movie is OK, but it's flat and predictable: **SPOILER HERE** A\nbrilliant lawyer (Hanks) defends a soviet spy and works his ways not to\nsend him to the electric chair in case 'someday' a US pilot is caught\nby the soviets and there's a need to exchange them both. What happens a\nminute later? You guessed right: A US pilot is held prisoner (the one\nin the cheap CGI plane) and Tom Hanks is in charge of the exchange.\nTadaaah. <br><br>Also a US student is held prisoner just because, but Tom Hanks manages\nto free them both after 3 long hours of chit chat and blurry\nbackgrounds thanks to the cheap CGI that fills every corner of the\nmovie.\n"},
{"review": "\nOne of the most interesting movies I have seen so far this year. <br><br>My only criticism was that it was just a tad too long and began to drag\nwhen Donovan was in Berlin trying to negotiate the prisoner exchange.<br><br>It is definitely a movie for history buffs rather than people seeking a\nshoot 'em up, blow 'em up action movie.<br><br>The characters of Abel and Donovan are both well developed.<br><br>The historical settings are rich and enjoyable.<br><br>People sensitive to Hollywood making fun of American culture may be\nupset by the portrayal of CIA operatives as descendants of the Keystone\nCops\n"},
{"review": "\nThis one's a keeper! I will say I have spoilers in here just to be\nsafe, but will try not to include any.<br><br>First off, the acting is VERY good. The guy who plays the Russian spy\nis so dead pan all the time, he just cracked me up. (\"Would it help?\")\nAnd of course, Tom Hanks puts on his usual great performance.<br><br>Secondly, the sets and costumes really leave you feeling immersed in\nthe time and place. Well done! I LOVE a movie that can do that!<br><br>Thirdly, the plot is really great! A real spell-binder and seemed to -\nfor all the research I can find - follow the true events pretty\nfaithfully. Which really makes me tip my hat to the guy Hanks plays for\nhaving such guts to press the limit. To avoid it being a spoiler,\nthat's all I'll say about that.<br><br>This is just a very well-done movie. My only criticism would be the\nhokeyness (SPOILER ALERT PROBABLY FOLLOWS) the U2 pilot being tied to\nhis disintegrating aircraft by his O2 hose. PLEASE! <br><br>Other than that, this one's a keeper and a candidate for a DVD buy.\n"},
{"review": "\nEast and West Berliners were geographically neighbors, yet forty years\nof geo-political disparity transmuted these people, often time lovers,\ninto strangers. There were, contrary to popular propaganda, a few shots\nfired here and there. This political thriller illustrated some examples\nwhere a Soviet surface to air missile hit a state of the art US spy\nplane and it's pilot down in Soviet controlled East Germany. Tom Hanks\nconveyed the duties of prisoner exchange negotiator steadfastly. The\nscript had copious dialogue for each facet of the multi-faceted and\nconvergent story lines. The climatic conclusion conveyed the limits of\nextenuated cooperation amongst the puerile East Germans, the imperious\nSoviets, and the desperate US.\n"},
{"review": "\nThis is one of only a few spy movies i happened to see in 2015. I have\nseen most of Steven Spielberg movies. Some of them i liked more than\nothers. He created horror, adventure, mystery, fantasy, comedy genre\nmovies. But his strongest movies are the ones about history. Bridge of\nspies is about a lawyer who gets in a dangerous politics game of spies\nbetween USA and USSR. I gotta say this movie is not adventure movie so\nif you are waiting for lots of action and shooting and running, forget\nit. But if you want to see a good realistic spy movie that shows what\nspies looks like in a real world this movie is a must. Again Tom Hanks\nperformed perfectly. Directing, screenplay and cameraman job is done\nwith highest standards. The only weak spot i would think of is it gets\ntoo sentimental at times. But who has seen Steven Spielberg movies,\nknows he does it a lot. I totally recommend this movie for history,\nreal life events based movie lovers.\n"},
{"review": "\nContrary to what is said in the Trivia notes, Rudolf Abel's accent is\nall wrong. In an interview on BBC TV's local news programme 'Look\nNorth' broadcast on 23rd November 2015, Mark Rylance said of Rudolf\nAbel \"He was reported to sound Scottish so that's what I've done in the\nfilm and I suddenly thought probably the Americans in 1957 would have\nthought that a Geordie (Newcastle accent) accent was a Scottish accent\nso I may have got that wrong\". In Vin Arthey's book about Abel \"The\nKremlin's Geordie Spy: The Man They Swapped for Gary Powers\" (also\ncalled \"Like Father Like Son: A Dynasty of Spies\") he states that Abel,\nreal name William Fisher, sometimes spoke 'educated' English and\nsometimes local or dialect speech, that is with a Geordie accent. There\nis no mention of Abel having lived in Scotland. He lived in Newcastle\nand nearby Whitley Bay. A Scottish accent with its many variations\nsounds quite different to that spoken in the Newcastle area of north\neast England.\n"},
{"review": "\nContrary to what is said in the Trivia notes, Rudolf Abel's accent is\nall wrong. In an interview on BBC TV's local news programme 'Look\nNorth' broadcast on 23rd November 2015, Mark Rylance said of Rudolf\nAbel \"He was reported to sound Scottish so that's what I've done in the\nfilm and I suddenly thought probably the Americans in 1957 would have\nthought that a Geordie (Newcastle accent) accent was a Scottish accent\nso I may have got that wrong\". In Vin Arthey's book about Abel \"The\nKremlin's Geordie Spy: The Man They Swapped for Gary Powers\" (also\ncalled \"Like Father Like Son: A Dynasty of Spies\") he states that Abel,\nreal name William Fisher, sometimes spoke 'educated' English and\nsometimes local or dialect speech, that is with a Geordie accent. There\nis no mention of Abel having lived in Scotland. He lived in Newcastle\nand nearby Whitley Bay. A Scottish accent with its many variations\nsounds quite different to that spoken in the Newcastle area of north\neast England.\n"},
{"review": "\nJust a quick review to note Tom Hanks' brilliance on screen and in his\nchoice of scripts.<br><br>I thoroughly enjoyed this film, and went into it without expectation,\nor knowledge of it's plot. My eyes were streaming tears from the\ncharacters, their portrayal and the history of the subject matter\nitself. <br><br>I'm deliberately not giving anything away regarding the movie, as you\nshould stop reading this and just watch it.<br><br>Beautiful, elegant and moving.<br><br>Thanks to all who made it.\n"},
{"review": "\nBridge of Spies chronicles the mission of New York lawyer James B\nDonavan (Tom Hanks) to first, defend Rudolf Abel (Mark Rylance) a\nRussian spy, and then to negotiate a prisoner exchange with the\nRussians for Lieutenant Francis Gary Powers (Austin Stowell) and\nFrederic Pryor (Will Rogers) in exchange for Abel. The movie is a\nbrilliant portrayal of the story and it really kept me interested the\nwhole time. The movie was amazing. Hanks's performance was excellent,\nand Steven Spielberg did a wonderful job with the film as well. Rylance\nis also good as Abel. The scenes with Donavan and Abel talking are some\nof the best bits of the film. By far this is the best film from 2015\nI've seen (yet).\n"},
{"review": "\nI give this movie 4 stars out of ten. I was bored and could never get\ninto this movie. It was too long and had no tension at all. I think\nthat the Spielberg name is what drew me to this picture although I did\nnot see his reputation being enhanced by this film. The characters were\nstiff and uninteresting. I'm glad I rented this film and watched it at\nhome and did not waste my money by seeing it in a theater. This is\nactually a movie that would have been better in black and white because\nthat in itself would have created a better visual. If someone were to\nsee this without knowing the storyline it might be better enjoyed and\nbeen a learning experience regarding some of the history about the Cold\nWar.\n"},
{"review": "\nThe acting was average. However, in all fairness the movie didn't have\nany challenging parts either, There wasn't any suspense, it wasn't an\nintelligent movie and the desired goal of all parties was extremely\ninsignificant. The character development was also poor. I'm not sure\nwhy this movie was even made. It basically just went through the\nmotions, like Hanks's prior movie when he was a boat captain. I truly\nprefer his earlier movies where he showed charisma and / or the movies\nwere much more substantial. Obviously I'm in the minority as the movie\nreceived good reviews and did well in the box office; however, i do\nbelieve the points I make are accurate,\n"},
{"review": "\nBridge of Spies. What a film from start to finish, never took my eyes\noff the screen.There are small amounts of action mixed with a story\nthat has you on the edge of your seat. Tom Hanks is at his usual\nbest,he never fails also Mark Rylance plays a superb role. The full\nmovie was beautifully shot, the detail was astounding and it gave you\nthe full feeling of the time and place in which it was set. I was going\nto give this movie a nine, then realised I can't fault it at all so a\n10 it is.I recommend that you watch this film , you will not be\ndisappointed and you may learn some history about the cold War. Well\ndone Steven Spielberg.\n"},
{"review": "\nI just finished watching Bridge of Spies, I never saw a trailer and I\nknew only that it was a cold war true/story drama, I love Tom Hanks and\nSteven Spielberg and that's all I need to know to buy a ticket. My only\ngripe, I wish this movie could have been longer. The atmosphere created\nreally transports you to an era which seems so far away but only ended\nin (1989) twenty six years ago. There are plenty of stand out\nperformances from a supporting cast of unknowns. Mark Rylance and\nSebastian Koch really nail it and Hanks is brilliant. The movie is a\nfitting tribute to James Donovan who passed at the very young age of\n53. I highly recommend this film.\n"},
{"review": "\nI was going to this movie expecting a great one. A movie written by\nEthan Coen and Joel Coen , directed by Steven Spielberg and stars Tom\nHanks ( America's sweetheart )<br><br>What I got is what I expected , a cold war thriller directed\nbeautifully using the old cinematic tricks , written fantastically by\nthe ultimate brothers using their unique way to deliver smart and funny\nconversations that will never get you bored despite being 141 minutes\nof negotiations . A great performances that has to be mentioned is Tom\nHanks performance and Mark Rylance's . Amazing Cinematography to make a\ngreat looking film . <br><br>Overall , I highly recommend seeing this movie . Definitely one the\nbest of the year.\n"},
{"review": "\nA good suspense Cold War movie about civilian lawyer, James B. Donovan,\nwho negotiates the release of U2 spy plane pilot Gary Powers and\nAmerican foreign exchange student Frederic Pryor for KGB mole agent\nRudolf Abel. Both lawyer James B. Donovan and KGB agent Rudolf Abel had\na very interesting careers in real history. It's well worth reading\nabout them. There was also a lot of cloak and dagger/duck and cover\ntension drama in this movie.<br><br>Should we the American people follow the typical lynch mob mentality\nand hang foreign agent Rudolf Abel or should we let the justice system\ntake its course? Otherwise we would be no different than the Kangaroo\ncourts that the Soviets would set up if they capture one of our agents.\nThat is the question lawyer James Donovan debates about with his peers,\nhis family, and the American public he encounters on the street before\nU2 pilot Gary Powers gets shot down by S.A.M.'s.<br><br>This movie is Stephen Spielberg and Tom Hanks at their best. It will\nprobably be an instant classic for years to come.\n"},
{"review": "\nHoly ... I already said that. If these writers don't get an Oscar for\nthis script, I'm just going to quit watching The Awards, altogether.\nThey took this time, this story, all these complex \"oh no, another\nmega-confusing geo-political thriller\" and turned it into an\nedge-of-your-seat nail-biter.<br><br>And showed us the reality. I lived through these events. But no one is\ngoing to be hit over the head with a history lesson, here. They are\ngoing to see (no spoilers) what it was like to not only live in a time\nwhen we expected to be vaporized at the whim of some guy who banged his\nshoe on a table to get attention, but to grow up then. <br><br>The sets, the clothes, the mood, the entire era packaged as perfect\nentertainment. Don't wait for the DVD. Go. Buy popcorn.\n"},
{"review": "\nBeside the good acting of Tom Hanks and Mark Rylance, there isn't many\ngood things about this movie. Tom Hanks appears as a symbol of 'great'\nAmerica, doing the right things one after another, even though the\nauthorities are against it (like it is possible for him to act so\nindependent) to symbolize how 'great' is the US.<br><br>On the other hand Soviets are the evils as usual. Tortures against\nAmerican soldier/spy, hostile military officers even against their own\nspy ( while American soldier does the exact opposite), scared children\nthat got education at school about nuclear war (ironically with the\nfootage of nuclear experiments that US did) and many other things that\nshow how evil the Soviet was. But the American side had right causes to\nact unjust (not evil, just unjust) because they are patriots which is a\ngood thing.<br><br>To summarize, it is all about taking necessary dosage of American\npropaganda with some good acting.\n"},
{"review": "\nAnother great work of art! <br><br>Stephen Spielberg Delivers a great story &amp; Tom Hanks brings it home.\nMark Rylance makes me wish I had that one family member that could\nprobably tell me some good stories if I would take the time to listen.\nAlthough this is in every sense through the point of view of the U.S.,\nI would be curious if the treatment of Americans were truly that harsh.\nI wasn't there, so I would just be curious to know. Is this just what\nwe are led to believe? I don't know. But with any good script, it\ncaters to it's audience. This wasn't written or produced for Russians,\nit does however paint the picture that they are terrible to their\npeople/prisoners &amp; we are not. But the story let me look past the\npolitical parts of the movie. I saw it as a brilliant man (Hanks)\ngiving rights to an enemy &amp; attempting to exchange him for American\ninterests. <br><br>If I was still into purchasing media, this would be a must buy because\nI would watch it again.\n"},
{"review": "\nIt is a simple story. Since it is history it is accepted. But noting\ninteresting or twists in this movie is shown. Every shot is elaborated\nwith a slow motion and slowest pacing of the film. Tom hanks acting is\nthe sole performance. There has been many spy movies and cold war\nmovies over the past 25 years which had a bit of a suspense element or\na notion which allows the viewers to grip to the movie. Noting is\npresent in this film except solid acting performance which would be\nsurely nominated for academy awards. viewers if you are going to watch\nthis movie realize you are going to need temperament to watch it for a\nsimple story you not even heard ever.\n"}
]