[
{"review": "\nWhen reading the book, I had concerns about how well it would translate\nto film. It's a book without much action and most of the narrative is\ninternalized to the protagonist. Books like that tend to struggle to\nadapt well and Divergent is no different. The director tried to make\nchanges to the story in order to try and make it work but I honestly\nthink it was futile. It's just not a good story for a 2-hour\ninterpretation. Even at that, I would rather have seen the story stay\ntrue and struggle to adapt than change and struggle. All in all, it was\nset up to fail from the beginning. Shailene Woodley and Theo James gave\nsolid performances and the special effects and action sequences were\ndone well but they made the film watchable and slightly enjoyable at\nbest.\n"},
{"review": "\nThis is perfect storm of bad movie making: a stupid story, bad acting\nand bad directing. Who is ultimately to blame? Money grubbing CEO's.\nWho else? <br><br>Thanks to the mega-success of the Hunger Games and Harry Potter,\nHollywood's scouring young adult books, like some pedophile in a\nplayground, looking for new material to get their greasy hands on. <br><br>Divergent is one of those series. I've not read the books, but in the\nmovie, you belong to one of 5 factions. Our heroine does not - she's\ndivergent - and that apparently frightens the powers that be. <br><br>Why? Because individualism is seen as a threat. In much the way\nindependent film makers are perceived a threat in Hollywood. <br><br>What follows is one inane, dumb, idiotic scene after another. I was\nrolling my eyes most of the time or laughing out loud at some of the\nnonsense I was watching. I almost got up to leave, but it was like\nwatching a train wreck. That would be more entertaining.\n"},
{"review": "\n...made into a pretty stupid film!<br><br>Where authors(sic) get these unbelievably lame ideas? A world divided\ninto 5 factions? This is ridiculous. <br><br>This is another politically correct tripe. The plot is based on\ncountless Hollywoodian stereotypes. Actors all look like they came out\nof catwalk fashion show. They have as much substance and personality as\nbobble head dolls. The film is tedious, move at a snail's pace and do\nnot even fall into the category \"so bad it is good\"<br><br>It is embarrassing to know that there are those who classify this\nsophomoric attempt at literature as a dystopian science fiction novel.<br><br>Pure waste of time, money.\n"},
{"review": "\nAlthough lacking any real sustained exciting action parts, this would\nprobably appeal to under 16 year old's.<br><br>I really have a problem with the voting, as according to it's current\nevaluation by over 48 thousand viewers it is 7.5 which essentially\nmeans that it should be better these movies which were rated less than\n7.5: Man of Steel (2013); Captain America: The First Avenger (2011);\nX-Men; X-Men 2; X-Men 3; X-Men Wolverine; Iron Man 2; Iron Man 3;\nOblivion; Superman Returns (2006); Independence Day (1996);\nTransformers (2007); and Stargate.<br><br>This movie is just awful; no substance, and worst of all it's set up to\nallow for the making of a sequel.<br><br>The only good thing about a sequel is that they won't have to do too\nmuch to make the sequel better than this.\n"},
{"review": "\n... and not a very good one too (not to say simply boring).<br><br>i even couldn't force myself to watch it all. Maybe im too old for it,\nbu then last week i watched \"the last mimzy\" (children movie) and found\nit pretty good. No, if something is good you'll find it's quality even\nif you're not a lover of a specific movie type.<br><br>Some details: - acting - it's as artificial as the whole script itself\nso i cannot blame the actors - script- look above - the whole concept\nof society being divided to factions, im fine with that, but\nexcluding/killing people who e.g. feel compassion and declared\nthemselves to be soldiers, thats just ridiculous. - oo, and that hand\ncombat technique of holding your front-to-oponent elbow high- try that\nin real life and it wont be a long one.<br><br>To summarize, i agree with critics on this one.\n"},
{"review": "\nThis movie is a muddled mish-mash of clich\u00e9s from recent cinema. There\nare some promising ideas in there, but while the director was clearly\naiming to wind up with a hauntingly ambiguous film, what he ended up\nwith was a confusing mess. Lead actor Shalene Woodsley does a fair job\nbut with no central theme it seems as though he doesn't have much to\nwork with. Furthermore, the movie is largely devoid of a coherent\npremise (although, in fairness, there are some creepy moments amid the\ndrudgery).<br><br>*MILD SPOILERS* <br><br>It's rubbish.<br><br>*END SPOILERS* <br><br>Avoid this one. For an excellent psychological, ambiguous dystopian\ntale, check out the Korean film Snowpiercer (2013).\n"},
{"review": "\nThe story had potential, but only accomplishes to create a mindless\nmoney grind for Hollywood.<br><br>Divergent, or Different is a highly misleading name for this movie,\nsince it is extremely compliant to the ongoing Hollywood stream of\ncreating all too obvious \"we're going to make # sequels to this movie.\"\nIf the characters were anywhere near emphatic or the actors actually\nhad any acting skills, this could have saved the movie a little bit,\nbut lack of story and well; basically anything worth while makes me\ndraw only one reasonable conclusion.<br><br>Please change to title to: \"Die a virgin!\" So that you give the\naudience an actual reasonable idea of what to expect in the movie; a\ncheap teen movie suited for the lowest common denominator.\n"},
{"review": "\nI've never read the books, so i don't know how it compares to the movie\nyet, but here's my opinion: I think that it was too easy for the main\ncharacters. There was very little conflict, and not too many obstacles\nfor the main characters to overcome. For instance; Tris is told that\nshe's kicked out of the Dauntless group, yet 5 minutes later she\nfollows the group and the very same person who kicks her out has\nnothing against it. Also, the 'limitless ammo', 'bad-shot bad guys' and\n'one shot death' clich\u00e9s just make the movie a whole lot worse. Also,\nthere's no real explanation to anything. I don't know if they explain\nthe Divergents' invulnerability to the serums and tests in the books,\nbut all of that was completely unclear to me during the film. I have to\nsay, at the end of the day, 5 might be a little bit nice on the\ncritiquing chart, but i think it's appropriate for the amount of money\nand work put into the film.\n"},
{"review": "\nThis might be the worst movie with a budget that I've ever seen. I love\nsci-fi and foreign films, this should've been perfect. However, nowhere\nis it stated that this is anything than a regular sci-fi movie, but\nit's more like a really crappy comic magazine with a plot that was\ninteresting at first but then turns into something more childish than\nanything I could've imagined. The rest is worse: this is truly a\nHollywood USA film, so you have those barking voices, flashing\nmish-mash fight sequences; and the trandemark, never-ending scenes\nwhere men bulge their eyes and grind their teeth, signifying some sort\nof affect, anger for example, or pain. The movie is awfully dragging\nbecause of this... this nuance seems to be part of the overall\n'twilight' style of this sort of flick. As far as any meaningful drama,\nwell, as you can imagine, there is none. This flick is like a mild\ntoochache, really. The semi-plot is overly complex but also difficult.\nIf you like the Cassern anime or live-action film, you may like this. I\ndid not.\n"},
{"review": "\nI loved the book, which probably set me up to be disappointed by this\nmovie. To me, it seemed that important parts were missing and random\nthings added. Peter came off as a light hearted jerk instead of a\ndangerous sociopath and Four just happened to suddenly like Tris. These\nwere important things to develop. Instead, time was taken to have a\nshow down with Janine at the end??? It wasn't just the deviation from\nthe book. I saw this movie with a Divergent-virgin and he asked me\nmultiple times if it was almost over. He felt lost and confused. I\nunderstand when movies are changed because the book just doesn't play\nout but that did not appear to be the case.<br><br>This was very disappointing and I frankly expected more with Roth being\npart of the production team.\n"},
{"review": "\nI read the books and anyone who tells you this was a great book to\nmovie adaptation is lying. My guess is they read the back of the book\nand thought that was good enough.<br><br>How this made it to the theater like this is beyond me. They took out\nthe visitation day and REPLACED IT with her mom sneaking into the\nDauntless compound. Not only that, she never mentioned anything about\ngoing to visit Caleb or the serum. <br><br>Little things that had a huge impact on these characters were missed.\nWe never saw Peter stab Edward. Wait, did we even see Edward? Oh yes,\nwe did for a brief moment during capture the flag. Speaking of capture\nthe flag, according to the book I read Christina was the one who held\nthe flag. <br><br>Chances are you won't see me at the second or third movie\u0085 if they make\nthem.\n"},
{"review": "\nSo I went into this movie wanting to be impressed by it. I didn't know\nmuch about it but was hoping for it to be a fun movie. I waited\npatiently for what had to be around 3 hours for the plot to pick up and\nget interesting. I checked my watch and alas only about 30 minutes had\nactually elapsed and to my further dismay the movie never did get\ninteresting and the plot remained rather lack luster.<br><br>I usually love movies set in a dystopia, but this one was on par with\nwatching paint dry. The acting was average and that's being very\ngenerous. The action was weak. The plot was weaker. The romance forced.\nThe characters were flat.<br><br>Also try not to laugh when Tris yells \"stop it\" to the bad guys during\na scene that isn't suppose to be funny yet you can't help but laugh at\nhow ridiculous it is. I kid you not, she basically calls for a time out\nwhile getting shot at... yeah it's a wonderful movie. <br><br>So do yourself a favor and wait for this one to come out on blu-ray and\nthen not buy that either...\n"},
{"review": "\nI couldn't believe how boring Divergent was. There's no plot\nwhatsoever. Nothing happens. It's like a bad episode of Star Trek. What\ndid they spend $85 million on? There's no special effects whatsoever\nunless you consider a computer generated landscape of a futuristic\nChicago a special effect. The acting is weak. The two main characters\nare completely miscast for a romance, it's borderline pedophilic. The\nfilmwork feels like it was shot on a vid-cam. I would have walked out\nabout three quarters of the way thru but didn't want to disturb the\nothers in the theater so I just sat there yawning and rolling my eyes.\nWhat a stupid movie. I guess with this type of trash appealing to the\nTwilight slash Hunger Games crowd I should say, Oh mah gawd gag mah\nwith a spoon.\n"},
{"review": "\nI saw this movie on opening day. This movie was terrible, I didn't go\nin thinking it would be my favorite movie, but was left very bored, and\nready for the movie to end 30 minutes in. <br><br>I watched this movie with my wife, who loves movies based off books,\nand she was not a big fan as well. The guns used in this movie were\nsomething you would find at Toy's R Us. <br><br>Plot line was very boring, and the lead female role was beyond boring,\ndull, and didn't come off as she was supposed to be. For the future\nmovies which I will never see, RE-CAST. She may have done well in other\nmovies, but this is not her cup of tea. I would rather watch the whole\nTwilight saga than watch this movie.\n"},
{"review": "\nIn this movie the main actress did very meh. The actor did very bad\ntoo. i was fighting sleep half the time.I have not read the book\nbecause it never interested me. I was just dragged to see this at a\nscreening. i wish i never was. All this movie did was prove me right.\nthe plot could have been interesting if it was done right. As you can\ntell it was not done right.The actors all with the exception of the\nmain actress did very bad. the visuals were not very impressive. This\nwhole experience of this movie was like being attacked my an angry\nsquirrel. just annoying and still just leaves a empty feeling.I give\nthis a one star because there was just nothing.\n"},
{"review": "\nOH MY GOD, lets talk about this movie, i really wanted to review this\nmovie its actually my 2nd movie that encourage me to make this review\nto describe for you people that this is the most OVERRATED movie will\never be!!! the cast??? KATE WINSLET what the hell she did accept to to\nthis character is it about money?or maybe she's a hidden producer? the\nstory is so ridiculous and full of crap!! i really love science fiction\nmovie but at least to have sense or how can i put this to have at least\na story!! its over slow and i can make this movie in 10 min or 20 max,\ni actually went to watch this movie because of the director cause i\nreally loved the illusionist it was a very nice movie, and clever one,\ni thought maybe as a science fiction it will be smart and unpredictable\nor something like that, buts it very far from that, in two words, i\nwish that the IMDb will have vote from 0 to 10 i will definitely pick\nthe ZERO!!!!\n"},
{"review": "\nI saw this movie with a free theatre ticket I got from work, and still\nfelt screwed over for wasting my time. Can't believe the high IMDb\nstatus. Infantile plot, boring dialogue, predictable and totally\nunconvincing. It's a film I can imagine being aired on a kids TV\nchannel some Sunday afternoon. I struggle to write the minimum 10 lines\nI'm supposed to write to post this review, as there's nothing more\nreally I can say about it. I tried thinking of possible metaphors the\nfilm aimed to suggest, some unconventional take on things, some acting\nspark. Maybe it's just me, but unfortunately I can't find a single\npositive thing to say. Except perhaps that its produced quite OK, but\nwhich movie isn't today. So for lack of anything better to say, I'm\njust gonna finish those ten lines by repeating my second sentence:\nInfantile plot, boring dialogue, predictable and totally unconvincing.\nInfantile plot, boring dialogue, predictable and totally unconvincing.\nInfantile plot, boring dialogue, predictable and totally unconvincing.\n"},
{"review": "\nI have to say that the producers would have to be stupid not to use\nBurger again as the director. He did such a great job with this one. I\nthought I was going to see a film that was mostly aimed at teens.\nHowever the story alone makes this far superior to most teen oriented\nfilms. In fact this didn't feel much like a teen film at all. The\nfantasy story is a great metaphor for our current society, it's simply\na very relevant film. The directing here was spot on. The story as fun\nas it is, does have a few holes, sure, but they are easy to look over\nbecause they are such small holes. The film simply works as a\ncommentary piece on political philosophy, and as an entertaining action\nfilm laced with some romantic tension. In my view this film was far,\nfar superior to the very teen oriented and very one dimensional Hunger\nGames, and it's certainly more unique as well. Woodley is impressive\nhere, clearly showing the ability to play a very layered and complex\ncharacter.<br><br>8/10\n"},
{"review": "\nI felt like the movie deviated too far from the original story. The\nmain plot was the same but the way the book introduces the conflict is\nmuch more interestingly done. In addition the age gap between the main\ncharacters, Tris and Tobias (Four), seems a bit off. Just a few missed\nscenes and minor details, I would have liked a more realistic\ntransition into Tris and Tobias' relationship, as it seemed a bit\nabrupt and confusing. The original book focused a bit more on Tris'\nevolution from her original faction to Dauntless, this gave the\ncharacter more depth in my opinion. I would have also liked to see more\nabout Tris and her friends (maybe an intro to Uriah or some of the\nother dauntless-born initiates would have been nice). For someone who\nhas not read the original novels this is an interesting movie and would\nbe very enjoyable. I would recommend those who have NOT read the books\nto see the movie.\n"},
{"review": "\nI was so excited to see Divergent, but it fell flat. I'm sure if you\nhaven't read the books, you would love it, but the movie was terrible\ncompared to the book. It was more of \"loosely based\" off the book. Many\nscenes were changed in dramatic ways and characters who were fairly\nimportant later on we're not included. There is also a different\nrelationship between Tris and Four in this movie that in the book, and\nI like the book version better. If you haven't read the book, this\nmovie might be confusing, and if you have read the book, you might be\nconfused because it strays so far from the book's plot. This movie does\nnot do justice to the book.\n"},
{"review": "\nThis is my first review on IMDb. This movie was so horrible I felt\nforced to warn people about it.<br><br>I had to go to the dictionary for this one - words to describe this\nmovie: - very unpleasant - detestable - dreadful - appalling - vile -\nrevolting - sickening (you get the point)<br><br>*Spoiler* When the dancing daredevils came jumping from the train - the\nmovie definitely derailed for me.<br><br>The movie was awful, the story was awful. Words cannot explain how\nhorribly awful the movie was.<br><br>*Spoiler* You can only be brave or wise or smart or a gardener. If you\nare brave and wise, or brave and smart, or wise and smart - you will be\nkilled. How stupid can this premise be? You cannot be both smart and\nbrave, smart and wise?<br><br>This is the worst movie I have seen since \"The Postman\". Yes - it is\nalmost that bad.\n"},
{"review": "\nI don't know how often the other reviews watch a good movie but this\nisn't one of them.<br><br>The whole film for me lacked any real goal. There's a good concept\nthere but I always felt like I was waiting for it to get to a point as\nto why she is special.<br><br>She has no ability to do anything that any other person cant do. The\nstory makes out that its going to be like a hunger games type battle\nbut it just fades away.<br><br>This film for me was just life less...I almost left halfway through and\nwas the first out of my seat to leave before the credits started to\nroll.<br><br>If you want to watch something currently out thats predictable but with\nsome action i'd watch Captain America.<br><br>This film has inspired me to write a review on here purely because\npeople hyped it up and I was sorely disappointed\n"},
{"review": "\nFirst off, how the hell did this get approved for a movie!? It is one\nof the worst films I have ever seen in my life and I've seen quite a\nfew. This movie is just plane stupid. The plot doesn't even make sense\nand it's very poor explained. Terrible terrible, people, you have been\nwarned. Go watch if only if you want to waste time and money. I rarely\ndislike a movie but this was too bad to ignore. It was so bad I created\nan IMDb account just to write this. It's my first ever review, it was\nthat bad! Absolutely nothing good to say about this movie. Bad plot,\nbad actors, bad acting...a recipe for disaster. I have no clue how this\nmovie got a 7.5 here. That's the only reason why I went to see it.\nPeople, I know to each his own but please please make good and honest\nreviews. This is pure Hollywood crap.\n"},
{"review": "\nHow on the face of this planet did this movie get 7.7 if you've ever\nread the book you will find the amount of changes that take place\nthroughout the movie compared to the book is nearly unbelievable I\nalmost got up and left the theater in the middle of the movie there was\nso much changed the only resemblance to the book was the most basic\nplot line. Did Veronica Roth not watch the movie before it was released\nbecause what the hell was that if I were her I would be embarrassed to\nclaim that as the movie version of my book. I could screen write a\nbetter version. If you haven't read the book I would suggest that you\ngo see it and tell me I'm wrong because you're just gonna say that\nanyway and talk about how much of a good movie it was and and how I\ncouldn't do better and all this crap or you could be less of a mouth\nbreather and actually read the book before seeing the movie and then\nnot sit through the 2 hour 20 minute monstrosity.\n"},
{"review": "\nI haven't read the book, so I didn't go into the movie hall with a lot\nof expectations (except the IMDb rating of 7.5). I don't see how that\ncould have made a difference though. I'll try to summarize this movie\nin a sentence : \"Its a really low budget book adaptation which could\nonly cater to children as its primary audience, and even they would\nchange the channel if it were on TV\". The Premise I daresay was decent\nenough for an engaging Sci Fi movie, but this falls flat on its face so\nhard it broke its jaw and nose within the first 15 minutes. A good lead\nactress in a shoddy plot/screenplay, crawling along at a horrible pace\nwith no direction whatsoever. Please avoid this movie, even when it\nends up on Cable in a month or so. Im amazed so many people gave it a\ngood rating. This saddens me, because I cannot trust IMDb ratings\nanymore after this movie.\n"},
{"review": "\nIt seems that all these new movies are about SF scenarios, the end of\nthe world, mass destruction and so on. Divergent is a combination of\nThe Hungers and Harry Potter with all the pickings for the right house\nor faction, whatever. The most idiotic part was the parents' death\nscene: cry like hell for the mother, don't even bother for the father.\nOverall, totally not impressed: uninteresting, not original, and\nextremely long . But I don't know what I expected actually. Maybe the\nbooks are interesting, who knows. After seeing the movie I won't read\nthem. I'm sure that they'll make a part 2 that I'm going to see only\nbecause I don't like to leave things unfinished. Other than that, it's\njust a snore...\n"},
{"review": "\nThis movie had so much potential with a fantastic opening. However the\nmovie doesn't really talk as much about divergents as about the\nsoldiers. Two of the main characters are the soldiers who are also\ndivergent, its almost as if soldiers are closest to divergents. Whereas\nall erudite are shown as evil, come on give me a break. Also the\nromantic angle looks completely unnatural and forced. The premise made\none think it wold be all about this lady who does not fit in, however\nsoon you have this lady not just fitting in but being a super human.\nShe fails so many tasks and yet somehow manages to recover from all of\nthem.\n"},
{"review": "\nFirst, I didn't read the book. Whatever you will read in this review\ncomes purely from a perspective of a film practitioner and ordinary\nmovie fanatic.<br><br>The wrong choice of actors made the film looks bad. The characters,\nespecially the main characters, were not convincing even Kate Winslet\nand Ashley Judd. The facial reactions, the delivery of the dialogues!\narggghhh!!!<br><br>The story is obviously inspired from Hunger games. Maybe some of the\nviewer's will deny it, but no no no! I think the idea is somehow\nrelated to Hunger games!<br><br>Pacing is good. Somehow it also made me laugh with some scenes but\nmostly I laughed because of, I think, disappointment!!! &gt;:/<br><br>the soundtrack is also not good, even the timing of musical score... it\ndoesn't have rhythm! @_@<br><br>I don't know, maybe if they only have good characters, and a good\nscreenplay...maybe it will separate them from comparing to Hunger\ngames.\n"},
{"review": "\nGranted, I watched this on an International Flight, and was not in a\ngood mood, but this was seriously one of the worst movies that I've\nseen in a long time. From the first seconds, it is obviously trying to\nbe some kind of new Hunger Games franchise. It is incredibly stupid,\nboring, and utterly predictable at every SINGLE turn. I have no idea\nwhy anyone would rate this above a 5, even if they had never seen a\nmovie before in their entire lives.<br><br>I've seen THOUSANDS of movies, and remember not one single redeemable\nmoment of this piece of garbage. I am completely confused by any single\npositive review. I have not checked rotten tomatoes yet, but I'd be\nshocked if it isn't 95% rotten.\n"},
{"review": "\nThis film has two of the most recent actors who have become more\npopular recently and also a long loved actress Kate Winslet. i think\nthis film is one of the best in its category as it not only pushes that\namount of scenes which includes violence and nail biting moments to the\nlimit.<br><br>This film is really the first of its kind it includes all types of\ntechniques from the actors and also the fact about the camera focuses\non the emotions of the characters which emphasises what the film is\nabout and links in still with the main storyline.<br><br>This is a film i would recommend for anyone seeking adventure, drama\nand action in a film also there will be a sequel to this film called\nInsurgent.\n"},
{"review": "\nMy review is not based on reading the book but solely on the movie\nalone. I found the movie very similar to The Hunger Games in the sense\nthat it divides people into groups and focuses on the teenagers. But\nthis movie was 100x better! It had me on the edge of my seat for most\nof the movie. This movie is inspiring and motivational. It is the type\nof movie that shows that accepting people for the flaws and their\nstrengths is important and that everyone is different in their own way\nand that it's okay to be who you are. I think more kids need to see\nthese types of movies and I would recommend it to anyone. P.S. Do not\nwatch this movie before or after The Fault In Our Stars cause it may\nmake things a bit weird haha.\n"},
{"review": "\nBefore watching this movie I looked at the ratings and choose it over\nother ones without second thoughts. 7.6 average, 45+ rated it over 7,\nthe hell of a movie! Didn't expected a mediocre YA movie. The plot is\nnot original, the actors are average, the effects both visual and audio\nbelow average, the action sucks pretty much, why should this movie get\nmore that a 6? Teens choosing a different path from their parents one,\nhow original. Getting tattoos, how daring. Playing capture the flag\nwith some drug- paint-ball weapons... I could go on for long, but not\nas long as the movie did: 140 min of teens doing teens stuff. The movie\nitself could deserve a 4 cause was not really a disaster but I rate it\n2 cause it was the worst movie I ever watched in theater and cause I\nexpect much more from a 7.6 movie. More boring that going to church!\n"},
{"review": "\nIt's a kids' movie. As my wife and I left the theater an 8-year-old\nbehind us said he'd seen it three times. We could barely get through\none showing. It's so bad that we broke into laughter at some of the\nsilly, stereotypical dialog and predictable plot elements. Kate Winslet\nwalks through her part as though she'd been blackmailed into appearing.\nKafka it is not. Not even close. It is obviously derivative of Hunger\nGames and does not even pretend to be the morality play or political\nsatire that some seem to think it represents. The closest it comes to a\n\"genre\" is a Hong Kong martial arts film, but most of those are better.\nNone of the characters act or react like real people. It's not good\nscience fiction, not good fiction of any other kind.\n"},
{"review": "\nI didn't expect much but this movie still managed to underwhelm me. It\ndoesn't contain a single original idea... None at all. Totally boring,\npredictable, dumb, and even the basic premise of the story is\nunconvincing to start with. This system with the 5 castes would not\nensure any greater stability for society than the system we currently\nhave. Even on a theoretical level, it would solve no problems and there\nis no logic behind it. They want people to rigidly adhere to a\none-dimensional category (I'm smart, I'm considerate, I'm fierce, I'm\nhonest, etc.) and they even assign castes for them but then they allow\npeople to choose? You can't have democracy and dictatorship at once,\nyou can't raise sheep but also urge them to have self-determination. So\neven the basic concept of the story is flawed, and no matter how good\nyour structure is, if it isn't built on a good solid foundation, the\nwhole thing will crumble. Take a look at the society in Brave New\nWorld, now that's hard to challenge, it's actually a very solid system\neven if it repulses us as we read.\n"},
{"review": "\nI'm a big fan of the book series, and I went into the theater with high\nexpectations. Veronica Roth pulled a Stephanie Myers (Twilight) when\nshe had no part in helping make this movie. I am one of those people\nwho want the movie to be just like the book and this movie was not like\nthe book! Now I could go through the whole movie pointing out what was\nnot in the book but i think i'll just do a few key components. First of\nall Edward did not get stabbed in the eye with a butter knife because\nof Peter. That was a really big part in the book! How could you cut\nthat out?! And that was not how the movie was supposed to end! They\nwere supposed to destroy the hard drive that contained the program that\nmade all the Dautless act like robots....but they didn't! Guess what\nthat means! It means the the other two movies will be ruined! I could\nsay more by i'll just end by saying, the box office will not be getting\nmy money for the next two movies.\n"},
{"review": "\nWith a 7.6 score at the time of my visit to the movies, I knew I may\nnot see the greatest movie, but certainly not get disappointed either.\nLittle did I know.<br><br>The basic idea of the movie: We live in a post-war world, where people\nare divided into factions, based on virtues. As young adults, they got\nto chose which one they want to join. Surprise surprise, we find\n\"divergents\", people that don't fit into the system and are threatening\nits existence. They are chased and killed in a totalitarian system.\nSounds familiar? I hope so, otherwise you have missed lots of movies in\nthe last decades. The last one I have seen was \"Upside Down\", and it\nwasn't a great movie either, but it is so much better. And it has only\na score of 6.4, I just really don't understand that.<br><br>There's really not much to say about the movie itself. Lots of martial\narts and gunfights, some kind of a love story, political intrigue.\nCharacters without faces, intentions without sense, a movie without a\njustification for existence.\n"},
{"review": "\nThis is my first review on IMDb and I am very much upset to watch this\nmovie. The way they advertised the movie I thought its going to be\nsomething but in real its nothing but a poor try to adopt a very good\nbook. I was wondering all the time what is the big deal of being a\ndivergent than when I came to know there was only one question \"so\nWhat?\".<br><br>Personally I am a big fan of Shailene Woodley, I have already listed\nher as one of my favourite diva but watching this movie I would say she\ngot beauty but no talent. Her expression shows lack of seriousness.\nStill the 5 stars I gave this movie is only because of her.<br><br>I am never gonna recommend anyone to go and watch this movie.\n"},
{"review": "\nThis movie was astounding. Even though it may not be exactly like the\nbook, the characters, acting, storyline, etc, WERE ON POINT! The actors\ndid a great job as especially the main characters Four (Theo James) and\nTris (Shaliene Woodley) did so good at expressing the actual romance\nfrom the book that people actually wanted them to be together in real\nlife. This movie also has a lot of action, and also was suspenseful as\nsometimes I wouldn't expect people attacking Tris at one point and etc,\netc. I don't know why so many people are hating on this movie when it\nwas so compacted with all the emotions from betrayal, to sadness, to\nanger, to happiness, to romance. But you know haters gonna hate.<br><br>This movie is just hands down very well put together.\n"},
{"review": "\nI didn't watch this when it came out in movie theaters because I\nthought the preview looked stupid and basic. I was partially right. It\nis a basic form of a dystopia fighting to become a utopia. It is very\nsimilar to the hunger games which is why I dropped from 10 to 9 in\nratings. Other than it being too similar to the hunger games, it was a\ngood movie. I was not expecting both of Tris' parents to die. I did\nwish Tris and Four had more scenes together. Maybe in their new series\nthey will explore their relationship further. I was not a fan of how it\nended. Tris and Four just left the dystopia with all the leaders still\nalive. Obviously, they will come back for revenge. Overall, I can watch\nit over and over again because they picked a very good cast. I also\nunderestimated Shailene. I use to watch her \"secret life\" show on ABC\nfamily, so I was expecting her to be an over dramatic character. She\nplayed this part well.\n"},
{"review": "\nTake any C-movie in the SF genre, wash it at 90 degree C until all\ncolors are gone and that is what \"Divergent\" does.<br><br>A silly and unrealistic plot with no other place than maybe in a\nteenager TV series.<br><br>All society divided in factions according to character: kind people,\nbrave people, intelligent people and so on...not even the Japanese TV\ndramas have such a rigid classification of roles for its characters.<br><br>I read somewhere that Kate Winslet took the role because of her empathy\nwith a story again against all-controlling regimes, but....her more\nthan excellent acting skills are definitely wasted here.<br><br>Rent \"Barbarella\", if you are in the mood for an easy SF movie, and\nyou'll have a much better experience.\n"},
{"review": "\nGood screenplay and all - but the actors where stiff, and the trailer\ngave off the idea of some amazing action / sci-fi movie - which turned\nout to be some teenage love story / empowerment to teenage girls. I\nwent in expecting to be kept on the edge of my seat with all the\nexciting things, but when the people started jumping off trains, i\nseriously wanted to start cracking up laughing. I lasted about 20\nminutes into this, then couldn't handle it anymore. I've heard people\ncompare it to hunger games - WRONG. I love hunger games, this was just\nterrible! If i had of honestly known what this movie was going to be\nlike - i wouldn't have even bothered to download it.\n"},
{"review": "\nI liked it the first time I saw when it was called The Mortal\nInstruments: City of Bones.<br><br>Without giving spoilers it's still basically youth that knows better\nthan authority, no one understands me. Grown ups are corrupt and don't\nknow anything. It seems like most movies with a young cast will be\nfighting authority or adults. Though in reality I would have to say\nthat when youth is in charge you usually wind up with a Lord of the\nFlys situation or 100 which I like so far. But lately Hollywood keeps\nputting out these repetitive movies. At least Hunger Games, Harry\nPotter, and Ender's Game had interesting twists.\n"},
{"review": "\nI understand not keeping things 100% the same in book to film\nadaptations, especially if they're not integral parts to the plot or if\nthey don't translate well to screen, but many of the things that were\nsuspenseful in the book were completely removed or trimmed away to help\nget that pg 13 rating and while sometimes less can be more, it\ncertainly wasn't in this case as much of the gravitas and suspense\nbeing removed and trimmed away as well, there was not even any lack of\nurgency until the film was partly in it's second half.<br><br>I also feel like somethings should have been explained better for those\nwho hadn't read the books. For instance in the film and even the\ntrailer we see the character Tori tell Beatrice that \"you're divergent,\nthe test didn't work on you\" but in no point of the film do they really\nexplain why the initial test didn't pan out, I mean we see how Beatrice\nmanipulates the tests later on even in the trailer (\"this isn't\nreal\"/breaks the glass) but we never get the reasoning why she tested\nfor multiple factions thus being divergent\n"},
{"review": "\nFirst of all sorry for any English mistakes. I watched this movie just\nbecause of a great review that was saying that the movie exceeded the\nexpectations etc, but believe me, this film is full of clich\u00e9s, don't\nrecommend to watch it on the theater, maybe is better to wait to arrive\non blue-ray, I think the movie was made for the teenage public, because\nof that you are going to see all the peaces that worked in other teen\nmovies on this one, I am just doing this review to alert the people\nthat really likes a well constructed film, with a good script and not\nintended just to win money.<br><br>However there is a good part about this movie, if want to see something\nwith your girlfriend, something that you don't need to pay much\nattention or something that you can take a nap and wake up, this a good\nmovie to do so, I don't need to say much about it, just watch the\ntrailers, if I had watched and just didn't believe in just one review\nof one person I would really chosen another film, bye and good luck!\n"},
{"review": "\nI went to see this movie yesterday with two good friends of mine. One\nof them had read the book with me, while the other one had not. The\nentire movie was brutal to sit through for all of us. Those who had\nread the book were severely angry over the lack of context, events, and\neven characters that Veronica Roth's novel contained. Those who hadn't\nread the book sat there confused at some points, and bored at others.\nThe lack of Tris and Four's developing relationship made it sudden and\nawkward, very far from the book's snowball of romantic events. The\nacting was also extremely bland, and a lot of the characters did not\ndevelop enough to form a connection with the audience.<br><br>I do not foresee any other movies being made from this series. It's\nimpossible! The characters that were not featured in this movie are\nrevolutionary figures in the second, making it impossible to have a\nmovie without them. Do not go see this move, please. Do yourself a\nfavor and read the book, it is much better.\n"},
{"review": "\nSpoiler alert! This series is absolutely amazing. I'm an avid fan of\nscience fiction all the way back to Metropolis to Buck Rogers to Star\nTrek to Barbarella to Star Wars to Avatar. What makes this series so\ncool is the social fiction more than the science fiction. Not to\ndownplay cool science fiction threads and special effects along with\nthe stunts but the future's social structure in this premiere of the\nseries is just absolutely brilliant. Many science fiction stories take\nyou on a journey,adventure,exploration beyond our world but I always\nlike social fiction based upon our existing world and what could be.\nThe thing about movies is being taken away to that larger than life\nessence for a while, Divergent is no exception; except that maybe it\ndoes it more exceptional than most movies do.\n"},
{"review": "\n\"Divergent\" is the first Sci-Fi movie of this trilogy and in this movie\nwe watch a world that is divided into factions and each person has to\nbe a part of one. Unfortunately Tris cannot be a part to any of these\nfactions because she is a divergent. Divergents are considered as the\nmost important and dangerous people and have to be eliminated but why?<br><br>I liked this movie because it has a different kind of plot from other\nSci-Fi movies and that's something that made this movie interesting at\nfirst. The direction which made by Neil Burger was very good with many\ngood action scenes. Also the interpretation of Shailene Woodley who\nplayed as Tris was very good. An equally good interpretation made by\nTheo James who played as Four.<br><br>Finally I have to admit that I did not expect much from \"Divergent\" but\nit was a very nice surprise. This movie made a very good start for this\ntrilogy and I hope to continue like this and even better.\n"},
{"review": "\nPicture this: a post-apocalyptic closed society maintains a series of\nsocial strata, but then one young person doesn't conform. Sounds like\n\"The Hunger Games\", doesn't it? Well, \"Divergent\" also uses this story.\nI had never heard of this series before the first movie got released.\nHaving seen the movie, I can only conclude that they simply used the\nidea behind \"The Hunger Games\" and added a bit of Harry Potter (the\nserum-induced psychological test to determine a person's faction\nreminded me of the Sorting Hat).<br><br>So, this franchise doesn't come across as anything original. I wish\nthat someone would film Kim Stanley Robinson's \"Years of Rice and\nSalt\".\n"},
{"review": "\nFor a movie that celebrates critical thinking, it does not really allow\nmuch of it while watching. The futuristic dystopian setting is hard to\naccept, and even if you do, it's difficult to understand the\nmotivations of many of the characters in it.<br><br>It is similar to many other \"young adult\" movies, and it probably hits\nits target audience better than it hits me. But, allowing for some plot\nholes and similar, I wish the setting had been more interesting and\nunderstandable. Maybe this will be more in focus in the later movies?\nWhy the society looks like it does? It is never really awful, though.\nIf you manage to go along with the premise, the movie is easy to\nswallow. Perhaps a bit too long, but mostly the movie kept the story\ngoing throughout.\n"},
{"review": "\nNever thought I would ever write a movie review but this movie was SO\nBAD bad that I felt obligated. If you value movies as an art form then\nyou have no business in giving an money to this movies cause. From the\nacting to the story line the movie had a production level on par with a\nhigh school play. The acting was so laughable it has me convinced that\nto prepare for the movie the cast were all taught at a 3rd grade level\nacting camp. The fact that this movie has a 7/10 indicates that most of\nthe people with any sort of theater knowledge were sick on the day IMDb\nrated it, or they found this movie so hilariously poor that they gave\nit a positive rating to make fun of this production. Please heed my\nwarning and avoid this movie at all costs.\n"},
{"review": "\nThis move was just bad. I really had no interest in see this movie. I\nhave seen so many movies like it I could easily tell what would happen\nnext. The actors where even worse it was a lot like watching a movie\nwith the same actors as zombie apocalypse or 2 headed shark attack...\njust awful. You would think that in 100 years they would have rebuilt\nthat city. It could not be that surprising that there \"system\" would\nhave failed only after only 100 years. They should have started out\nsaying why the everything had fallen. That part is probably for another\nmovie. Let me guess that where will be about 3 movies. First one how\nthey broke the system, Second one how it got like this, and Third is\nlikely to be about more survivors but I hope they don't make more about\nit.\n"},
{"review": "\nQuite possibly the worst film I have ever seen. Whoever wrote this\nsteaming pile of utter drivel should be punished for the pain it\ninflicts on viewers. The 'director' should never be allowed to work\nagain. Awful writing, embarrassingly clich\u00e9d, terrible acting.\nHonestly, save your time and sanity and go stare at a wall, it's far\nmore interesting than this crap. I really don't know what's happened to\nHollywood filmmaking of late but it certainly seems they've managed to\nplummet to new depths of drivel. IMDb needs to start a negative rating\nsystem because '1' simply doesn't do something this bad enough justice.\nAvoid this like the plague people or, if you have to choose, take the\nplague. You'll feel better for it!\n"},
{"review": "\nThis movie sucks and it sucks big time. Believe me, this is the first\nreview of my life for a movie. I simply can not believe that the\naverage rating is 7.5 in IMDb.<br><br>Please save yourself from watching this meaningless piece of crap! I\nwatched this movie along with my 6 friends and none of them knew which\nmovie we are gonna watch, they just went because of me.<br><br>It is just too slow! 140 MINUTES!<br><br>I lost all hope for this movie after 100 minutes were passed and we\nwere thinking of going out of the cinema.<br><br>Interesting storyline made in to sh1t due to crappy performances from\nall of the actors.<br><br>Somewhat similar to Hunger games. However, Hunger games was much much\nmuch better than this poor attempt.\n"},
{"review": "\nOverall, this movie clearly had a targeted audience, teen girls. The\nmovie itself is not a bad movie, but i am not in its target audience so\ni didn't enjoy it that much. The music was teenie, acting was average\nat best, plot was mostly predictable and very easy to follow. The story\nline is stupid...splitting everyone its factions, ya cause we all know\nthat wont cause problems and power struggles. I never read the book,\nbut the movie had major holes and it was almost hard to watch. There\nwas minimal action and comedy and it was mostly about teenage\nproblems:fitting in, hot \"bad guy\" guy and such and such...Unless you\nare a teenage trapped in a adult body, this movie is below average, but\nit could be worse.<br><br>I've seen worse, but I've seen a whole lot better\n"},
{"review": "\nFor a movie with so much hype around it, this was just terrible. I\nhaven't read the book and considering what I saw as the story, will not\nread it. I know this is fiction but the story sounds plain stupid.\nPeople are split into factions? Its as if everybody's brain went\nthrough some mutation and they lost their human nature itself. Don't\ncare how it is explained in the book, but its not explained in the\nmovie at all. <br><br>Very bad story, average acting, full of clich\u00e9s, very slow.<br><br>Even if the books are not as bad as the movie, the adaptation totally\nfailed. Lord of the Rings was made out of a book. I never read it but\nlook at that movie. That's how you make movies.<br><br>Absolutely not recommended. Sheer waste of time.\n"},
{"review": "\nI wanted to like it. I really did. After reading the book I was looking\nforward to this film and could not make it through without fast\nforwarding. The main problem is the story which is highly narrative\ndoes not translate. Not that it couldn't have. The screen writing is\nterrible and is largely word-for-word from the book. Key elements to\nunderstanding the characters and the story are missing from the film. I\ndon't know how anyone could understand the film without reading the\nbook. Honestly a horrible film and the screenwriter should be\nembarrassed.<br><br>Since the film has lucked into earning a lot of money and therefore\nsequels, hopefully they will take this as an opportunity to bring in\nnew screenwriters and editors.<br><br>Don't waste your money for sure. Only waste your time if you are at\nhome and doing something else at the same time.\n"},
{"review": "\nIt's hard to come up with ten lines about this movie. This \"Hunger\nGames meets Harry Potter\" disaster does not make any sense. It's both\npredictable and insanely boring. But above the lack of cinematic\ninterest it's just dumb. <br><br>I don't get where did the get the inspiration for the Dauntless, but to\nme they are just a bunch of idiots risking their life for no good\nreason. They are supposed to be the military men of this new society,\nbut they do no reflect any traditional military values, they are\nreckless, undisciplined, and their training looks like is only designed\nto injure their own members. <br><br>In the end, beside the poor explanation they give for this \"dystopian\"\nfuture, and the incredibly absurd plot, the movie is just not\nentertaining enough.\n"},
{"review": "\nI'm a fan of near-future films set in dystopian worlds, but this\n'Hunger Games' rip-off never tries to reach beyond its obvious\n16-24-year old demographic. Young adults are assigned to clan-like\ngroups based on their personality type. Those who do not fit any\nprofile, Divergents, are seen as a threat. This flimsy premise is the\nbasis for an incoherent narrative that neither entertains not provokes\nthought. The sole purpose seems to be to show the young, fit cast\nrunning, jumping, climbing, punching, kicking ass and wielding big\nguns. Kate Winslet mugs it up and it would not be a surprise if she\nwinked directly at camera. I wasn't expecting it to be 'Gattaca', but\nthe fact that it is this flat and predictable is disappointing.\n"},
{"review": "\nA 10 year old may enjoy this movie, but for the rest, it sucks. There\nis no reason to like any of the characters. The lead female is not even\nattractive to look at. Whenever a female character is trying to be like\na male, I don't find it attractive in any form or shape, and if the\nface is nothing to look at then it's bad news all over. This movie is\nthe production of a marriage between Harry Potter and The Hunger Games\nwhere the mother (The Hunger Game) drank too much alcohol, smoked too\nmuch cigarettes and used every possible drugs during its pregnancy, and\nguess what, the child comes out completely deformed, mentally deranged,\nhorrible to look at, and unbearable to watch. The CIA should use this\nmovie to get confessions out of the Al Qaeda suspects. It works. My\nex-wife used it on me and I confessed to everything. Bad story, bad\nacting, bad everything. There are better movies to watch.\n"},
{"review": "\nOK, where to begin. Why oh why does this type of crappy, stupid, make\nno sense, dribble, poor excuse for a movie get made? I rolled my eyes\nthru out the movie. So many issues, why this has over a 2 rating is\nbeyond me. The plot was stupid, each scene was so predictable, You knew\nthat Four and Trish were going to get together, they didn't bother with\ntrying to develop why they ended up together, it just spontaneously\nhappened, their 'love' story was completely unbelievable. Why was there\na train running? Who was running the train? What was the purpose of the\ntrain other than something for the actors to jump on and off?! Trish\nbecoming a kick ass fighter was totally unbelievable as well, the\nactress who played her did not pull off becoming 'tough' I laughed at\nthe parts she was supposed to be beating up others, it was soo corny.\nThis movie was boring, dumb, nonexistent plot that made any sense.\nDon't believe the 7.5 rating\n"},
{"review": "\nI am about 35 mins away from finishing this thing and I am still lost!\nI paused the movie and started reading these reviews trying to see if\nit could help me understand what the f is going on.. But I actually\nended up realizing, I should have read first then deleted movie..lol.\nBTW... this movie is miss labeled.. It is certainly NOT scfi.. At least\nnot in the way I thought. I was expecting this \"divergent\" person to\nhave some sort of a super power, super strength, or reality-bending\nmind to change the world with..but..it just turns out, all she is, is\nsomeone who doesn't conform or think they should be labeled one\nparticular class of society. BIG FREAKIN DEAL!!! Who cares.. Thats all\nI got to say about the whole damn thing...lol\n"},
{"review": "\nHonestly was very disappointed by this movie.<br><br>If I hadn't read the book first I'd be totally lost as to what's really\ngoing on. They do not explain anything and to top that off it's not\nnecessarily the same as In the book either, so much left out is really\nneeded to tel the story. There was nothing keeping my attention on the\nscreen.. Boring, predictable, badly written, badly acted and just plain\nblah. I went into watching hunger games thinking the worst and couldn't\ntake my eyes off, but this movie I thought would have the same\nexcitement and falls far short. If they come out with the rest of the\ntrilogy it might be a miracle I can't see spending all that money for\nnothing..\n"},
{"review": "\nWow, this was pretty rough to watch... Honestly,there was nothing good,\nnothing. Bad script, bad acting and plot holes everywhere. Even the\nopening dialogue of the movie contradicts itself... Only a minute in\nand you know this is gonna suck. I would say anyone that gives this\nmovie 5 stars or more is most likely a paid reviewer,scamming you. What\nwas the point of the movie? Why did it even need to get made? I don't\nknow anything about the book, maybe if it went deeper into the history\nor something...even still I just can't see how anyone could enjoy this\nPOS. I wasted my$1.50 at redbox,just glad I didn't see it in the\ntheater, man that would have been painful.\n"},
{"review": "\nIf you're stuck on a long flight with little else to do, then you may\nend up like me stuck watching this terrible movie.<br><br>The post-apocalyptic setting always has potential. But this script and\ndialog are dumbed down to a nauseating level. Delta may need to\nre-stock those vomit bags.<br><br>The cast is star-laden. But Kate Winslet should be ashamed of herself\nfor accepting her role in this movie. The other stars don't do\nthemselves any favors either. Though it's hard to tell if they were\nlimited by the horrendously unimaginative scripted dialog...<br><br>Overall, just a terrible clich\u00e9 Hollywood movie with a very boring\nending.<br><br>Avoid it.\n"},
{"review": "\nI usually watch movies based on the IMDb rating system. I mean, 80,000\npeople voting will usually give you a decently clear picture on the\nquality of a movie. This has to be one of the worst movies I've ever\nseen! and I've seen Gun Woman, which before this, was the worst. <br><br>I mean, c'mon, how does having 5 profession make a society peaceful? <br><br>And if you can choose which ever one you want then what's the point\nanyway??<br><br>Why are they hunting and killing divergence anyway? because the 5\npeople on which the mind control serum , which they just created, will\nnot work?<br><br>5 classes of people, 2 of which we don't hear about at all and all\nwitch names that no one can remember\n"},
{"review": "\nthis film is not recommended for adults. another dystopian hero's\njourney with the teen girl lead falling for the unlikely\nseems-like-a-bad-boy-at-first-but-turns-out-to-be-worthy-co-hero.\nhokey, incredulous, clich\u00e9'd, sleep inducer clocking in at 2+ hours.\nproblems arise immediately with the ridiculous back story. world war,\nworld destruction, except chicago, 5 factions. you're born into a\nfaction, but you can choose another. if you flunk out your're now\nfactionless, directly contradicting the stated goals of the factions.\nsomething is beyond the 300 foot high wall/fence (necessitating the\nwall), but whatever it is ignores the farmers faction (they farm\noutside the wall.) new founding fathers. new world order. tired\ndevolution film lacking any credibility. yawn. nothing new here\n"},
{"review": "\nIf you thought Hunger Games was bad this was even worse. Bland\nexpressionless characters portrayed by actors who clearly had about as\nlittle training as the so called 'dauntless' in the movie. Don't get me\nwrong, I wasn't expecting much, just some mindless entertainment, but\nthis bland PG plot less crap had me questioning my instincts from an\nearly stage and I actually sat through it. If you have any self-respect\ndon't repeat my mistake. On the bright side it won't be very difficult\nto forget this one. The story line was like one written by an\noverenthusiastic 13 year old with aspirations to be a writer and a\nsycophantic audience pushing him/her along with mindless enthusiasm.\nHowever, it probably could serve as some entertainment to the under\n12s, and that may well be the target audience so can't fault it in this\nsense.\n"},
{"review": "\nFilled with plot holes, clich\u00e9s everywhere, out of this world unnatural\ndialogue.<br><br>It probably would have worked fine for me if I was a teenager, and\nhaven't seen as many movies as I have. The movie takes too many\n\"textbook\" ways, while also lacking a lot in character developments. If\nI could describe the world presented, it is very teenager like. You\ncould say it reminds me of another movie not in my age group\n\"Twilight\".<br><br>I don't think there is more worth saying about this movie. As a very\navid movie watcher, it's def not worth watching. But for pure\nspectacle, it is still suggested for non avid movie people, and the\nyounger audiences.<br><br>Have a great day and thanks for reading.\n"},
{"review": "\nStill not clear if it was the movie for 10 y.o. or 80 y.o. person. No\nscript, no story, no actors, no action, nothing, lost time ......\nAlmost got asleep, my 7 years old daughter asked me what is happening\non the screen and I could not even describe it, not because she is 7\nyears but because this movie is total bull-... It is childish but\npretends to be adult, there is no sense or anything worth watching or\nseeing. I have no idea why it was so advertised to be equal to Hunger\nGames... Not entertaining, not engaging, not romantic or else. Not\nworth to go to the cinema to watch it, just try to use it as sleeping\npills. May be book was better but the movie is nothing bu waste of\ntime.\n"},
{"review": "\nI honestly have no idea why this movie has 7,5 here. There is not a\nsingle thing i liked about this peace of trash. The story is boring,\nillogical and predictable and there where so many \"Oh my god are they\nreally doing this?\" moments i stopped counting.<br><br>Some of the audience left because of this soppy \"Twilight\" love story\nand the stupidity that i was witness of (others started laughing of the\nsame reasons). Please people do yourself a favor and stay at home and\ndo something else with your money.<br><br>PS: I have never written a review about a movie until now. I searched\nthe reviews about this trash and all i found where 8-10 star reviews.\nAre you getting money for this?\n"},
{"review": "\nI know it is a successful book. Lots of books are made into movies and\nTV shows, many of them had pretty bad reviews, so I prepared myself\nbefore watching this movie. However,I still got surprised. 7.6 is way\ntoo high for this movie. The Hunger Games is only 7.3 and I believe\nmost people who watched both films would not say that this movie is\nbetter. However,it's understandable that this movie is over-rated\nbecause many raters are simply fans of the book and they think such a\ngood book can never be made into a bad movie. Well, never underestimate\nthe power of movie makers. Host is one of the recent examples(good\nbook, bad film). I have not read the book and this movie certainly\nkilled my will to do so. Too many good books are made into terrible\nmovies, the Film makers have to try harder to present books on the big\nscreen. Not like this, Not like this\u0085\u0085\u0085\u0085\u0085\u0085\n"},
{"review": "\nHaving saw the film yesterday, it not great, it is not good, it is\naverage. Some will say it's better some will say it's worse. <br><br>The story is a little unbelievable but is packed full of action and\ndrama. The problem is the action isn't great, and the drama isn't that\nexciting. Even the props had a feel of low budget or just not enough\nthought had gone into them. The actors were not great. The male lead\nwas increasingly wooden and just seemed unable to dominate the screen\nthe way his character should. The female lead was at times very good\nbut she just didn't do enough for it to be better than that. Kate\nWinslet was good also but she was not involve nearly enough.<br><br>Even with some good performances the film seemed a bit dull and\nobvious. Divergent is an OK film it's just OK, and that is its biggest\nproblem it is a very safe very middle of the road sci fi film.\n"},
{"review": "\nObviously this movie received mixed reviews, because on this site it\nhas a 7.6 and on rotten tomatoes a 40%. I liked reading Divergent, it\nis not as similar to the Hunger Games as you think it is, it's actually\nunique in it's own way. What ticked me off about this movie is that it\nwas pretty different from the book, (enough to make me annoyed) and\nthat the entire relatively new cast (besides Winslet) cannot act. Theo\nJames is sexy and he knows it in the movie, and Shailene Woodley is\njust ugh I can't explain it but she cannot act! Why are they comparing\nher to the fabulously talented Jennifer Lawrence when she can't even\nhold a candle in the acting world? This movie messed up the story for\nme, did Veronica Roth even see the script?\n"},
{"review": "\ni like it, i like Tris and four they are fantastic actors h h ssh Dar h\neh r d h Sadr h RDA hardnblhjbjeh forgive far far far away away so i\nwanna say something this is so bored food for is fantastic actor he is\nso beauty oh i love it best movie ever divergent insurgent allegiant i\nlike it, i like Tris and four they are fantastic actors h h ssh Dar h\neh r d h Sadr h RDA hardnblhjbjeh forgive far far far away away so i\nwanna say something this is so bored food for is fantastic actor he is\nso beauty oh i love it best movie ever divergent insurgent allegiant i\nlike it, i like Tris and four they are fantastic actors h h ssh Dar h\neh r d h Sadr h RDA hardnblhjbjeh forgive far far far away away so i\nwanna say something this is so bored food for is fantastic actor he is\nso beauty oh i love it best movie ever divergent insurgent allegiant\n"},
{"review": "\nThe concept of this movie is very unique although it still shows us how\n\"love\" is more important than any others. And I also like that it takes\na whole movie to know such a simple thing. It's so interesting if human\nis divided into 4 kinds in the real world, but I'm afraid it can happen\nby people being more religious and getting authority in groups. I\ndidn't know that this movie is so popular when I watched this, but I\nfeel like it's going to be very popular in Japan as well if people get\nto have a chance to know about this movie. the review of this movies is\nnot really good but I still recommend you to watch this movie because\nit's worth it.\n"},
{"review": "\nLast year, I was dragged to this movie by my family. When the trailers\nwere starting I said to myself, \"maybe it's not gonna be that bad,\nmaybe I might really like it.\". Then the opening narration started, and\nI knew I was going to be tortured. What followed was a long, (or at\nleast felt long) crap-fest that rips off who knows how many movies. Bad\nacting, bad plot, bad action, and just plain bad. So far this is the\nonly time I've fallen asleep in a theater. A lot of people are saying\nShaliene Woodley is a good actress but after seeing this, I'm never\ngoing to agree with them. For Hollywood cash grabs, this is definitely\none of the worst. To quote Roger Ebert, \"This is not scraping the\nbottom of the barrel, nor it is not under the barrel, it isn't ever the\nbarrel. This movie doesn't deserve to be in the same sentence as the\nbarrel.\". People, save your money, skip this movie.\n"},
{"review": "\nSERIOUSLY PEOPLE! The movie is awesome for me (I'm totally obsessed).\nYah I do agree that some scenes are cut but the movie can be improved.\nSame with Insurgent. They did not improve at all! I just wish that\nAllegiant would end differently and IT WOULD IMPROVE! But the book is\nlegit awesome. The movie did disappoint me but I am satisfied with it.\nI just hoped that the butter knife scene was there. Next the chemistry\nbetween Four and Tris is sexy in the book but not the movie. Well for\nme Theo James is really really hot! Shai and Theo are really good\ncouples. FourTris like come on is so famous. The movie is really\ndisappointing but quite what I somewhat expected\n"},
{"review": "\nThis movie is awesome Chicago is such a gorgeous city, and to see it\ntransformed into a futuristic wasteland was incredibly cool. It's a\nromantic, packed with action and somehow seems like it could be another\nconspiracy theory movie. You guys have to read the book by Veronica\nRoth and watch the movie too. You can feel the awesomeness!Hahaha. And\nfor this first film at least, much of the fantastical elements feels as\nmuch like window dressing as the post-apocalyptic material in After\nEarth. Dramatically, Divergent wanders, but over rich philosophical\nsoil. Ouh well, enough said just watch this movie. Watch Insurgent\nafter that. I will give another review there.\n"},
{"review": "\nIt starts and it wanders around trying to capture you; even get you\nhooked. We watched it thinking that surely it would get better. Got\nsuckered into watching it all and TRULY ... it was a movie about\nnothing really. The Producer seemed to make it up as he went along.<br><br>Having seen many Sci-Fi movies I suppose we are well versed in what is\ngood and what is not. This falls into the NOT box.<br><br>If someone can tell us what it was supposed to be then we will listen ;\nuntil then we shall watch the Hunger Games again.<br><br>Still, it made someone rich. The production costs do tend to give it\naway though.<br><br>Dreadful!\n"},
{"review": "\nMy 15 year old Brother in Law wanted to see this movie. His girlfriend,\nalso 15, said it was awesome. We went with him because we had nothing\nelse to do. I'd never heard of this series of books or watched a\ntrailer of the film. So, I didn't know what we were going to see.<br><br>This was a girls action flick from the beginning to the end. The music,\nthe POV, the portrayal of men, etc... all pointed to the teenager who\nis in love with her teacher and he returns that love. Oddly enough, it\ndoesn't work because the lead actress, Shailene Woodley, can't make\n'Tris interesting. I don't know if she's a good actress or not, but\nthis role doesn't really do more than fulfill the dystopian future\nheroine clich\u00e9.<br><br>The look on my Brother in Law's face said everything. He was laughing\nthrough the whole movie and groaning every time a Pop song came over\nthe loudspeaker.<br><br>unless you're a 15 year old girl, don't bother. It's the same idea as\nHunger Games with a less interesting set of characters.\n"},
{"review": "\nWaw, what can I say, I usually like all sort of sci post apocalyptic\nmovies but this one is so bad its a joke. The acting is empty, the\nstory is flawed. It is full of clich\u00e9s and bad acting. I just cant\nunderstand how the actors can agree to a script like this. The actors\nand crew must be so ashamed of their work.<br><br>**This contains spoilers** In one sentence here is what the movie is\nabout. \"I'm an insecure girl who lives in a world where everyone is\ncategorized, My test shows I don't fit in to any categories making me\nspecial or hunted as the authorities are afraid of me\".<br><br>Judge for your self.\n"},
{"review": "\n\"Divergent\" is all about identity\u0097about searching your soul and\ndetermining who you are and how you fit in as you emerge from\nadolescence to adulthood. So it's all too appropriate that the film\nversion of the wildly popular young adult novel struggles a bit to\nassert itself as it seeks to appeal to the widest possible audience.<br><br>It's the conundrum so many of these types of books face as they become\npop-culture juggernauts and film franchises: which elements to keep to\nplease the fervent fans and which to toss in the name of maintaining a\nlean, speedy narrative? The \"Harry Potter\" and \"Hunger Games\" movies\u0097\nwhich \"Divergent\" resembles in myriad ways\u0097were mostly successful in\nfinding that balance.\n"},
{"review": "\nI rate Divergent 9 out of 10 stars because I was fully engaged and\nentertained white watching the film.<br><br>Woodley's Tris is a sympathetic protagonist that allows the viewer to\nsee the new world order through fresh eyes. She is instantly relatable.\nTeller's Peter is a likable antagonist that I would have liked to see\nin a different role, yet he performed well. Courtney's Eric is very\nhard to like, which I was a bit disappointed in. I think my impression\ngoing in was that he played a bigger part. James' Four is a difficult,\nguarded young man with a soft spot for divergent girls like Tris, or\nperhaps only Tris. (I've never read the book/s this is based off of). <br><br>As a sci-fi/fantasy genre story, I had no problem buying into the\nreality the film presented. As far as comparing it to other young adult\npopular fiction turned into films, I'd say it is more engaging and\nbetter acted than The Hunger Games. However, I'd say this isn't just\nfor a set audience of teen girls or teens, but adults as well. It\nreally poses a major question about society and how we lead our lives.\n"},
{"review": "\nI watched this because I thought it was a dystopian sci-fi movie and\nI'm a fan of the genre. How wrong I was. Yet another movie about what\nit's like to be a teenage girl, finding it hard to fit in, being an\nindividual and different and starting at a new \"school\" etc. You know\nwhat? We're all individuals and yes, we're all different. This is\nhardly an epiphany. It's just ordinary life. The entire thing is inane,\nwooden, trivial with more plot holes than swiss cheese. It's just too\nsimple a message. We've seen it all before in so many movies regardless\nof how it's dressed up. And it's over 2h I won't get back - don't waste\nyour time.\n"},
{"review": "\nThe acting was great and I really thought it was a very good movie. I\ndon't usually like Sci-Fi, and this movie may make a convert of me.\nNice job. All of the characters were believable, and the set and the\nspecial effects were also good. I have not read the book, so I cannot\ncompare the two. However, it is always difficult to get all of the\ndetails of a book into a movie, so maybe that is why some people were\ndisappointed. I know the movie was set in the future, but you can\ncertainly see how some of the factions are similar to today's world of\nthe have's and the have-nots, as the middle class dwindles away. It was\na very fun two hours of escape into a movie.\n"},
{"review": "\nThe story takes place in a city-state in an alternate world<br><br>the city and its population is divided into five factions based\ncharacter of each person . These communities also have different tasks,\nbut they all contribute to the welfare of the city. The idea of \u200b\u200bthis\ncompany \"pseudo-Platonic\" is cute and interesting, perhaps not too\ndeveloped.<br><br>The story centers on a girl who can not be framed in any of the groups\nin the city ( defined divergent ) . This aspect explains in a\ntransfigured a critique of conformism , lack of individuality.<br><br>Ultimately I would say the themes and ideas of starting interesting but\nperhaps not fully in-depth as I wanted. However cute. 07/10\n"},
{"review": "\nAfter seeing the previews for 'Divergent\" a number of times I was very\ninterested in viewing this movie. I thought the premise had merit and\non top of that it had Kate Winslet! It quickly became clear that all of\nthe quality footage went into the previews. Maybe if I thought the\n\"Twilight\" franchise was the pinnacle of cinema, I would think more of\nthis film. In an apparent attempt to be \"Hip\" with the kids, the\nwriters insert an inexplicable scene with a big Zip Line run which adds\nnothing to the plot. This sojourn is just before they all get their\nfirst tattoos. At this point I was waiting for all the principles to\nstart uploading \"selfies\" to their Facebook pages. You get the idea.\nIt's not so much the loss of $3.99 that I mourn, but the death of an\nevening.\n"},
{"review": "\nNever since John Wayne played Genghis Khan have we seen a miscasting of\nthe lead actor as bad as this. Shailene Woodley could just about make a\nbelievable Liberian, but she is biblically miscast in this role. The\nfilm comes across as a bad TV movie but overlong and is no doubt trying\nto cash in on hunger games.<br><br>The plot is dreadful and has more holes that the albert hall, and those\nsilly guns make NERF guns seem lethal. <br><br>Also Why or why in all bad SF films do characters wear these one piece\nbaby suits with a large belt. Surely in the future they will have more\nto base their fashion on than Star trek generations!\n"},
{"review": "\nThis is a Rather Dull Dystopian Romantic-Drama-Adventure that Never\nReally Resonates All of its Implications Concerning Society and One's\nPlace in it, or the Struggle to Fit into a System that does Not\nTolerate Misfits.<br><br>Another Girlie Action Movie that is Dead on Arrival and Never is\nResuscitated to Rescue Interest in its Characters, Setting, or Gloomy\nSituation. Nothing Here is Appealing, the Actors are Bland, the Look of\nthe Movie is Drab, the Dialog is Sophomoric and Never Instigates\nIntelligent Contemplation.<br><br>None of the Characters are that Interesting and are Stereotypically\nSmug and Humble, Depending. The Story is Convoluted and Rarely Garners\nEnough Interest to be Worth the Millions Spent on the Film. Even Buying\na Ticket or Renting or Purchasing the Movie Cannot be Recommended.<br><br>It Fails on Every Level its Trying to Reach. OK, to be Kind, its Target\nAudience of Pre-Teen Girls Might Enjoy the Female Fantasy to be All\nThings, Smart, Tough, Attractive, and Sensitive, or One could\nSay...Divergent. Dreaming is a Good Thing.\n"},
{"review": "\nI have just watched it, got excited first although it looks awkwardly\nput together. The basis of real life are completely forgotten, or is it\nwritten in a way that they are just obeying without understanding any\nhuman emotional reactions ? Well that does not add up. Let's say it is\nthe real basis of this new peaceful society. What is a divergent ?\nPeople who can do multitasking ! The others obey without questioning\nanything. Philosophy started 2500 years ago with Plato, Socrates\nquestioning ourselves. Did this society become that stupid to create a\nperfect world in that way, impossible. We then see a joke of\nstereotypes in a monolithic society where contacts between factions are\nnot allowed. However, at the end, ah the end... they fight for such a\nperfect world without knowing what the others (erudites) propose. The\nwhole end is written to announce that there will be a 2nd one. No\nway...yes way. I'll send Ted and Bill to check it out for me. For me,\nno thanks..\n"},
{"review": "\nAfter the really decent book to movie translations of Harry Potter, The\nLord of the Rings, and The Hunger Games, my hopes were up, but this\nleft me disappointed.<br><br>I've read the series. The books were engaging enough to pull me one\ninto the next. <br><br>This movie didn't engage me in the same manner. It didn't bother me to\nstop it and continue the next day. Something was missing. I didn't\nbecome emotionally invested in the screen characters. The movie skipped\nthrough critical book plot events and lingered on romantic interludes.\nI don't know. Not holding my breath for the next movie.\n"},
{"review": "\nI have not read the novel but as a movie, this was disappointing. Many\npeople watch movies just because they have been adapted from great\nbooks but I don't believe a film should rely on a great novel. This\nmovie is poorly executed and could have been so much better. There are\nstriking similarities to 'The Hunger Games' but there is no comparison\nto how well 'The Hunger Games' has been made and the exceptional\nperformance of 'Jennifer Lawrence'. In contrast 'Divergent', which also\nfeatured a futuristic society governed by a strict regime with numerous\ndivisions, is not convincing and none of the characters are strong\nenough for the viewer to care about them. The movie seems to end up\nbecoming a teenage romance tale and the climax is confusing and dull.\nEven the main theme of being a 'Divergent' is not explored or really\nexplained, maybe this has been reserved for a sequel. However based on\nthis movie, I definitely won't bother with any follow up movies.\n"},
{"review": "\nShailene Woodley is one of the worst actresses alive today. Almost\npersonally made the movie barely watchable. Another Pocahontas story,\nwith mediocre effects, boring plot, zero humor, and amazingly sucking\ncast. Every human is a divergent but ! Shailene Woodley is a divergent\nwho can't act. The idea of factions is good but the movie managed to\nruin it by the lack of depth that is being sacrificed to make room for\nShailene Woodley's magic acting. Almost every moment in the movie is\npredictable, every emotion visible. The graphics used as effects are\nfrom some cheap flicks and actually make it annoying to watch the\nscenes where Shailene Woodley doesn't have to act. The good part/parts:\noccasional suspense. Descent music.\n"},
{"review": "\nIt did not follow the book at all. there was no character development,\nand the acting was awful. The actress who played Tris was awful, and\nshe should not be in any movies. I do not know why anyone would rate\nthis more than one star. It was one of the worst movies i have ever had\nthe displeasure of watching. I would rather sit in a pool of crap,\nwhile lions eat me alive, than watch this again. it was a waste of\ntime, and i hope that no one will ever have to suffer the way I did.\nthis is crap. I had heard it was a great movie, so i was very\ndisappointed after watching this bad excuse for a movie. Yet another\ngood book, butchered by the film industry. That is all i have to say\nabout this disgusting film that ruined my day.\n"},
{"review": "\nThis movie is the hunger games which I can totally see why they made it\nbecause THG made a bazillion dollars god knows how as it's total crap\nand since this movie is designed squarely at that market it's pretty\nclose to THG and such is pretty crap itself. I thought this was a stand\nalone movie but checking IMDb they are making 2 3 and 4 in the same ilk\nas THG /facepalm.<br><br>I also have another issue with the rating on this movie I have just\nread through loads and loads of user reviews on IMDb for this and there\nare 3 6's maybe 2 or 3 over 6 and hundreds of 3 or less scores but the\nscore on IMDb is a 7.1????? how does that work???? 95% of the reviews\nfor this movie are terrible and rate it really low but it's getting a\n7.1???? Anyway it just shows how strong the teenage girl market is\nbecause this is squarely where this film is targeted. The rot set in\nwith twilight then the hunger games jumped in behind and now this. Well\nI'm this is going to make a lot of rich studio execs even richer GUYS\nYOU HAVE MORE MONEY THAT YOU CAN SPEND STOP MAKING THIS CRAP!!!!\n"},
{"review": "\nDivergent. I have read the series already and I should say, this movie\nis one of those that actually exceeded my expectation. Exceeded in the\nsense that the movie's depiction of Chicago is better than what my\nbrain told me. I just had a bit of a different take on Four and Eric\nbut other than that, this is a great movie for the novel. I cannot wait\nfor Insurgent.<br><br>It could have gotten a higher rating from me if the story on the movie\nwas more \"following the book\". Also, what I noticed on the story in the\nmovie is that a lot of things, important things, are shortened and were\nnot given enough attention. One example of this is the end part\nstarting from the moment she shot Wil. I know things have to be changed\nin order for the movie to be not too lengthy that is understandable.<br><br>Lastly, Kate Winslet is AWESOME! This, I believe, is the first movie I\nsaw that she is in as a villain and my oh my she did Jeanine's\ncharacter well. Exactly how I imagined her to be even better, I think.\n"},
{"review": "\nWasn't Jennifer Lawrence's Hunger Games series enough that you had to\nmake a movie called Divergent and not stopping after that.Making a\nsequel of Divergent....Come on man...I mean ARE YOU SERIOUS....Please\navoid if you don't like Hunger Games(which obviously u did not).So\navoid the movie..Instead watch That Awkward Moment...Much better choice\nover Divergent.... Although the acting of all the actors is really good\nbut the movie lacks the simple motive if I may say so.Half of the movie\nis wasted on just introducing all the facts and characters in the\nmovie.Within the first quarter of the movie you are gonna realize that\nthe movie is just another Hunger Games and the rest of the time you are\njust gonna feel that why are you even watching this movie.... <br><br>So if you did not have time to read the upper section which is kinda\nlengthy...here's the important part<br><br>DO NOT WATCH IT....\n"},
{"review": "\nHonestly, I did not have high hopes for this movie,however, the reviews\npersuaded me to watch it and I am so glad I did! I will admit it was\nsimilar to the Hunger Games in the respect of it being based in a\nunconventional and nonsensical realm of some sort, however, it was an\nextremely gripping and a very original storyline, definitely not\nanother clich\u00e9 movie that's similar to a thousand others. This movie is\ngreat for all audiences as it boasts a combination of action, drama,\nand romance all combined together. I would highly recommend this movie\nto anybody who is tired of watching a movie they \"hope\" is good and\nwant something they'll one hundred percent enjoy!\n"},
{"review": "\nPEOPLE NEED TO WATCH THE DIVERGENT SERIES! my favorite movie out of the\nseries, is Divergent.I first watched this in 2016. Haha sorry i feel\nguilty for not watching it when it first came out. I always thought it\nwas not gonna be a good movie. But once i watched it, it is now my\nfavorite movie. The characters in the movie are wonderful and are very\ngood actors. My favorite character is Four (Theo James) because he is\nvery handsome and strong and he can fight very good in the movie. My\nsecond favorite character is obviously Tris (Shailene Woodley) because\nshe is very beautiful and also strong but is always there for people\nand she cares for what is happening in the world and she protects her\nkind and family from enemy's. The connection between Tris and Four\nmakes my heart melt. They have so much in common and they really do\nlove each other. I give the movie 10 stars because it deserves 10/10\n"},
{"review": "\nThis movie is like a very bad version of Hunger Games mixed with\nTwilight. <br><br>Maybe it is supposed to be viewed as nothing more than a drama about a\nyoung girl falling in love. I'm not a teenage girl and for me this\nmovie fails in every possible way. Most importantly this after-war\ntotalitarian society is unrealistic, illogical and unbelievable. It\njust doesn't make sense in so many ways it's painful to watch. <br><br>to sum up: if you're looking for something more than a teenage\nlove-drama your're gonna be very disappointed. It only gets worse as\nthe movie progresses.\n"},
{"review": "\nIts bad. It has bad one liners, bad acting and a bad story. I went\nthere with a group of friends, of who I am the movie critic. But I am\nopen to new things, so let's just sit through the first part, middle\nand even the ending. This was not a great decision. We are in a\ngroupchat with all of us and I didn't notice that my friends had\nalready turned their cells on to banter this movie among other things.\nThey are a decent crowd so kept quiet till the very end but then when\nthey bursted out the comments when we left the cinema, I could not\nbelieve how relieved I was they thought the same, I would be a bit\ndisappointed if they would like it. But then again, I am divergent so I\nwould not be surprised to be the only one with this opinion.. but for\nnow: HELL NO!\n"},
{"review": "\nIf you think hunger games doesn't make a whole lot of sense, this movie\nis just as bad.<br><br>One would think future people would be smarter. But in this movie,\npeople seems dumber. People are forced to join five different factions,\npurportedly to promote peace. And once they decided which faction to\njoin, they are not allowed to change. Why is that? No explanation is\noffered in the movie.<br><br>Since it is known that some people belong to the divergent category\n(who are hunted and killed), and they can be revealed during the fear\ntest, why isn't anyone else monitoring the test so the divergents can\nbe caught immediately? There are many other stuff that doesn't make\nsense if you think about them. So to enjoy the movie, it's best not to\nthink.\n"},
{"review": "\nI watched it with my daughter who is eleven. It kept her attention and\nI didn't hear any complaints after. I guess that is because the book\nwas created for kids so the movie in that regard is a success.<br><br>Now for the bad. From an adult perspective I thought this was a\nhorrible film. The setting, plot, and character all scream \"Hunger\nGames rip-off\". I've seen many movies that are similar in certain ways,\nbut this was just a blatant attempt to piggy back the success of\nanother franchise. Even the movie poster mimic's the Hunger Game's\naesthetics. The character's are boring and typical. The development of\neverything is predictable. It's simply a knockoff film.\n"},
{"review": "\nHorrible dystopia future film. Flat characters, slow plot, and an\nabsolutely stupid premise. So dull I almost can't give it a 2 because\nthat would imply hatred, but I hate this being hailed as some OMG\nAMAZING film with a strong female character and thought provoking\nscenes. The acting is as good as it could be with a truly dull and\nwrote script. Don't watch if: you want good characters or a thought\nprovoking movie. Watch if: you're a teen who doesn't know better. For\nsimilar effect: Read bad fan fiction written by a teenager. I could\nonly see it being worse if it was; longer, more prone to preaching, or\nwas more blatant a cash in on the YA novel adaptation trend.\n"}
]